location_name,year,Observed_Rate,Pred_Rate,Lwr_95,Upr_95,Lwr_80,Upr_80,Lwr_60,Upr_60,Lwr_40,Upr_40,Lwr_20,Upr_20,Lwr_10,Upr_10,age_name
China,1990,28.060257093143015,28.049721572389178,27.695950095276505,28.406066026898873,27.817907868089645,28.28211837367125,27.897174181276142,28.20200657287904,27.954439034581526,28.14434907711644,28.003428116255687,28.095168152618687,28.026520015476816,28.07203392738503,Overall ASIR (25-49y)
China,1991,28.666685780653715,28.66613661039791,28.36500960015924,28.969158669210525,28.46894635681724,28.863755928316632,28.536428438714903,28.795651322431343,28.585152849734282,28.74663787683255,28.626821601699223,28.704827942768652,28.646459166238195,28.685159205993987,Overall ASIR (25-49y)
China,1992,29.24273352248664,29.223486273789113,28.926202474499483,29.52265014025025,29.02883630010136,29.418562141256597,29.095455016834382,29.351325658518647,29.143550612023038,29.30294318151391,29.184679542031144,29.261674150956317,29.20406235481628,29.242260323542972,Overall ASIR (25-49y)
China,1993,29.68171328341747,29.673408831855202,29.378647926667902,29.969826552336386,29.480455539114136,29.866736897824165,29.546519811468357,29.800128597638942,29.594206203901418,29.752189655848728,29.634979257847593,29.711293168662458,29.65419254000918,29.6920528008718,Overall ASIR (25-49y)
China,1994,30.121213159729486,30.127448883867224,29.837555642795355,30.41871532625286,29.937735419876883,30.3174712919908,30.002722533249397,30.252034328845586,30.04962077549163,30.204927575581028,30.08971268153909,30.164733666539178,30.108602736187688,30.145821563699965,Overall ASIR (25-49y)
China,1995,30.69140328641257,30.729825071258983,30.44747207725744,31.01349810517509,30.54502357041265,30.914924020386987,30.60832285495645,30.851192024361044,30.654008298030252,30.80530593003142,30.693065375785622,30.76615070184542,30.711468074922525,30.747726735250605,Overall ASIR (25-49y)
China,1996,31.418856523766426,31.425527126924347,31.144466481454064,31.708669318644098,31.2414086668564,31.61011774019322,31.30437746731225,31.546464421471143,31.349856801736053,31.5006671431898,31.388759531351308,31.46160945539047,31.407096081777393,31.443237966704466,Overall ASIR (25-49y)
China,1997,31.8237160446684,31.86432389749746,31.583814696815494,32.14652194265662,31.6806482850807,32.04838197175076,31.743514098327058,31.984961246318193,31.788902869153134,31.939314823443706,31.827717208812306,31.90037473739901,31.846008772430825,31.882055209464927,Overall ASIR (25-49y)
China,1998,32.06859269583129,32.10785978722493,31.829166852494073,32.387917718677095,31.92543767337615,32.290590375953265,31.98791312156994,32.22766690338265,32.03300733985055,32.182364758284066,32.07156111609802,32.143709333691575,32.08972722994316,32.12552099724003,Overall ASIR (25-49y)
China,1999,32.203050443219816,32.243707281627245,31.96674277207983,32.521714398714835,32.0624834143617,32.425165839527764,32.124588025069215,32.36271968988367,32.169401252638956,32.31774810392718,32.20770584242906,32.27936589230842,32.225751834495156,32.26130340766766,Overall ASIR (25-49y)
China,2000,32.365127393496984,32.36066492038096,32.08870470742067,32.63427145999728,32.182574581806655,32.53912830487463,32.24352460809394,32.47763718642067,32.28753299516814,32.43337752256775,32.3251681581447,32.39561975555467,32.3429042352782,32.37785633446121,Overall ASIR (25-49y)
China,2001,32.255406198841385,32.1994345751905,31.930513432376117,32.470581501703165,32.0232030880236,32.376172029939084,32.083440634631785,32.315201791090054,32.12696078927485,32.271341107396125,32.16419581004345,32.23394024926994,32.18174851238007,32.216349805984386,Overall ASIR (25-49y)
China,2002,31.555958621025148,31.589394069990636,31.3254129351182,31.85424933589423,31.41667879458175,31.762305870212575,31.47587920563396,31.702819312550535,31.51859451141168,31.659971371521497,31.555103594968344,31.62339718198674,31.572302831828235,31.606184315010157,Overall ASIR (25-49y)
China,2003,31.182916148401016,31.152420958312415,30.893259610976614,31.412969305835293,30.982749147907047,31.322406195479587,31.04084059101689,31.26385944207147,31.082777539582843,31.22171121002108,31.118636151509424,31.18574943596856,31.13553344013529,31.16882935548202,Overall ASIR (25-49y)
China,2004,30.836998242745185,30.867637495439872,30.609810577628785,31.126074406284477,30.6990010130089,31.036409536913798,30.75683430698347,30.978377629489298,30.798552729828952,30.9365674280569,30.834202727612904,30.90087216304616,30.850995132303527,30.884070840366416,Overall ASIR (25-49y)
China,2005,31.04552279162695,31.014270625757398,30.75834560060539,31.271492104641645,30.846734076450964,31.182100324917617,30.904103803301645,31.12430493666951,30.945516477439416,31.082694693165774,30.98092468785898,31.047189959663367,30.997609108487516,31.030484307433486,Overall ASIR (25-49y)
China,2006,31.2272069553579,31.173489273461517,30.917759474490804,31.430798784220052,31.006017908186386,31.34131900389617,31.063328891925796,31.283488565991348,31.104711695544694,31.241864453854358,31.140102684869284,31.20635573994792,31.156781474135354,31.18965062762114,Overall ASIR (25-49y)
China,2007,31.175608746161565,31.040414793530587,30.786143528284327,31.297142797549924,30.873700090065128,31.207690259856182,30.930637720059476,31.149942498799145,30.971790715495988,31.108412530942672,31.00701139156708,31.073008338898116,31.02361773394543,31.056359882770128,Overall ASIR (25-49y)
China,2008,30.277859642679328,30.2649665540024,30.018641580963852,30.512326877167602,30.10375494583201,30.426411687999764,30.158984255860126,30.370842865873794,30.19884391249263,30.33082572163959,30.23291864946997,30.296673915603623,30.248972972635865,30.28060293895002,Overall ASIR (25-49y)
China,2009,29.36531157189298,29.452408277634543,29.21044325009818,29.694667538718413,29.294202645853655,29.610676300590363,29.348493297233244,29.556291814287896,29.387644956639985,29.517097344959645,29.42109373287667,29.483627129824146,29.436846887925697,29.467870643435134,Overall ASIR (25-49y)
China,2010,28.961235532646732,28.964286530583685,28.728990861861405,29.201224426591647,28.810159449757048,29.118786774911058,28.862880813181626,29.065524978229874,28.900956957198463,29.027197665029174,28.93352519795488,28.994506974835584,28.948875294701775,28.979129273578874,Overall ASIR (25-49y)
China,2011,28.32020558389092,28.338141059861254,28.10845150819436,28.56951080801126,28.187666310146447,28.48899753561414,28.23912773952761,28.436983194562984,28.276297975907518,28.39955601611656,28.308093839882435,28.367634935970184,28.32308060617498,28.35261985919613,Overall ASIR (25-49y)
China,2012,27.6193493728404,27.667994316867436,27.441858208667576,27.89529850063821,27.5199482182657,27.816307331907108,27.570639112797423,27.7652313406477,27.607232823949392,27.728458331207364,27.6385220471042,27.697081405615247,27.653265961964788,27.682318151279183,Overall ASIR (25-49y)
China,2013,27.234288517704396,27.266768304089783,27.04370716500003,27.49056237500536,27.120825623754858,27.41287564985601,27.170849703576263,27.362611712283076,27.20694402833108,27.326406229160217,27.237794078932968,27.295501613208923,27.252327345599934,27.280956935812267,Overall ASIR (25-49y)
China,2014,27.21780222186442,27.208571800783037,26.980221563582788,27.438327311832033,27.059043482390706,27.358416701663153,27.11021901046455,27.30678033128785,27.14716818201003,27.269617487386483,27.178765808394438,27.23791567219147,27.19365660458189,27.22300165420092,Overall ASIR (25-49y)
China,2015,27.051182164739586,27.116329501341774,26.886718515279068,27.34658613454999,26.966135452619003,27.266665924490322,27.017634165412623,27.214957531753143,27.054785157378014,27.177709899979302,27.086533937506218,27.145913638313353,27.10148944116543,27.13094853841016,Overall ASIR (25-49y)
China,2016,27.180666366552156,27.318094273408306,27.085124595511818,27.55154801590556,27.165729558269913,27.470564694789555,27.2179912591881,27.41814654103226,27.25568770025437,27.38037818955553,27.287898669282153,27.348131691998677,27.303070585506607,27.33295307519556,Overall ASIR (25-49y)
China,2017,27.95109746090391,27.980070020193015,27.741785266911638,28.220823434677257,27.823813405381724,28.136893466290324,27.877161215008865,28.08272970276306,27.915724019813524,28.043786563743847,27.948731724914637,28.010593581296003,27.964296074996312,27.994986662225056,Overall ASIR (25-49y)
China,2018,28.343889777288062,28.34776947096224,28.105120071383922,28.59221007428681,28.18880561538335,28.507139661405,28.243169773877,28.45218644450653,28.28243615829342,28.412646447777167,28.316024995272976,28.378924252759496,28.331856965356746,28.363062223046192,Overall ASIR (25-49y)
China,2019,28.62336687489924,28.554613092071953,28.296986341223086,28.813605832106315,28.386003166223755,28.72352679393082,28.44375009594603,28.665334312222846,28.485424331493803,28.623454315358963,28.5210518945071,28.587726387644693,28.537839260130657,28.57091710441204,Overall ASIR (25-49y)
China,2020,28.890707478863156,28.886898967605553,28.618390554664245,29.155648213241427,28.711379826154307,29.062460858822035,28.771631366234736,29.00213755715786,28.815072016984786,28.958666020470204,28.85217943658005,28.92154307787372,28.86965447761828,28.904066626870108,Overall ASIR (25-49y)
China,2021,30.194738729035492,30.18628337842161,29.907299261068598,30.46611602079287,30.00378903553999,30.368962605866518,30.066358471431254,30.306118935711268,30.111496030305652,30.260855505212994,30.150070505961153,30.222219264350887,30.168241721965583,30.20403565151044,Overall ASIR (25-49y)
China,2022,32.50041312929852,32.20319001379866,31.892986805797914,32.51772823591242,31.999355590383722,32.408031089886364,32.068751786818744,32.33719544543485,32.119005457643,32.28626853221334,32.162070197146456,32.242875553555365,32.18239001958593,32.222479771392294,Overall ASIR (25-49y)
China,2023,32.87222078381767,32.87222078381767,32.535346071361346,33.21133166976234,32.65155413553137,33.09339365712751,32.72704421585942,33.01716916213276,32.78156504177451,32.962307398859984,32.82819776017972,32.91550801863656,32.85017659458461,32.89349263587769,Overall ASIR (25-49y)
China,2024,NA,33.676519911176776,32.503875784405714,34.826993119988856,32.924190636573385,34.42285527592382,33.188193648662164,34.16667637371894,33.37533185800861,33.98330190986931,33.53357326910176,33.826894256770416,33.607732095054814,33.75319828918218,Overall ASIR (25-49y)
China,2025,NA,34.5218247067028,32.10607851495438,36.94766755266073,32.96726587389967,36.07435655910945,33.508401883076154,35.53234203141723,33.89240600149254,35.14860215114702,34.21773629954637,34.823484493260516,34.37050140500429,34.67086470121938,Overall ASIR (25-49y)
China,2026,NA,35.41437916588294,31.464634518101064,39.50876909003518,32.850137417457205,38.00050584394792,33.72889424605125,37.080412239707684,34.35637449130276,36.435573232325375,34.8907091372335,35.89308649121448,35.142547439904575,35.63954986158273,Overall ASIR (25-49y)
China,2027,NA,36.236446029705725,30.534177779701203,42.375078164391546,32.49151244969069,40.05856239361943,33.74936429463848,38.669673928241,34.655330583177026,37.70668782098692,35.43207787070216,36.90287948365108,35.799895573439734,36.529121794516065,Overall ASIR (25-49y)
China,2028,NA,36.746501222712375,29.187463197990528,45.25951005502913,31.71353875623586,41.958267409629755,33.362455325263646,40.01712896737573,34.562791984303765,38.68787446011676,35.60065389459659,37.58858015295135,36.094969823856765,37.080539216836335,Overall ASIR (25-49y)
China,2029,NA,37.28047742215264,27.720937284387503,48.58491782096114,30.818079302568698,44.07830914916155,32.87668418512376,41.48035486795747,34.39356741760622,39.724112738436,35.71759691278314,38.285832885681415,36.352253063833246,37.62545960158605,Overall ASIR (25-49y)
China,2030,NA,38.005498177049994,26.286476496190822,52.592873844105924,29.955733309829448,46.61255301107461,32.443181876432206,43.23501445975432,34.30013487258206,40.98208656201628,35.9373828110566,39.15572872312128,36.72749860156336,38.32288825447584,Overall ASIR (25-49y)
China,2031,NA,38.89688911491851,24.868492349419963,57.31616266951102,29.100640654251585,49.54886488783343,32.030714176574655,45.25452104477562,34.24845408279434,42.429459508920935,36.22453501677846,40.16334195251697,37.18493046040415,39.13729122240183,Overall ASIR (25-49y)
China,2032,NA,39.83981260643063,23.40409692459509,62.65817595164927,28.166265760017282,52.755655111200404,31.537435860245196,47.4018831949882,34.12637233840885,43.9306782548639,36.458948852086216,41.176920152406396,37.60105648298621,39.93936024450615,Overall ASIR (25-49y)
China,2033,NA,40.62813685608554,21.8056381019083,68.34445673222095,27.02416495665404,55.95537688755333,30.805641168884044,49.41505881547902,33.75460898134873,45.23974082551699,36.44304425431069,41.96626045798961,37.76981124521758,40.50680462453326,Overall ASIR (25-49y)
China,2034,NA,41.44422221636177,20.19373183180351,74.71088891296884,25.809392589120957,59.38998837735195,29.979918602676122,51.500853963092446,33.28531261902669,46.54540114194225,36.336269528475846,42.708004225406796,37.85446841842042,41.011371702942654,Overall ASIR (25-49y)
China,2035,NA,42.495285486344265,18.67898766732527,82.20258140977009,24.65480634823653,63.359841244109795,29.208242579430532,53.90517211696738,32.87850318839219,48.065447980306864,36.310264428658705,43.600962670916594,38.03273513160505,41.6441639821567,Overall ASIR (25-49y)
China,2036,NA,43.84117295291271,17.273912741277524,91.08029158358447,23.578504262700527,67.98435699968297,28.51234950694336,56.70232510262935,32.559421492196876,49.85417392208785,36.394466063511004,44.68777172716392,38.33659232980949,42.443615949620664,Overall ASIR (25-49y)
China,2037,NA,45.491862505825694,15.9653175732786,101.55326845095982,22.564732474273644,73.31669123943432,27.87386813003142,59.90201492594818,32.30833067917242,51.904819714793796,36.569035982126316,45.953848392030416,38.74670493948578,43.39288640292304,Overall ASIR (25-49y)
China,2038,NA,47.38831220365613,14.719124235945719,113.70305163648229,21.565402569100215,79.29598943887599,27.23226823936631,63.41616481487842,32.05496653440361,54.12500908516485,36.75559012352163,47.30902331977073,39.181138430185605,44.4040722205693,Overall ASIR (25-49y)
China,2039,NA,49.510979784731354,13.51848352140191,127.68876043107421,20.556362117840802,85.9129843135469,26.555623207980265,67.20177611994416,31.76096378615442,56.464186059114574,36.910333742943806,48.70244314680864,39.59377561684819,45.4274252196043,Overall ASIR (25-49y)
China,2040,NA,51.902540315969844,12.371015371566237,143.82494358269963,19.546887832383756,93.25003625973292,25.8517785438404,71.28876794799928,31.43253323483754,58.93581309350041,37.038370368644344,50.1412871135745,39.98953663752261,46.46873706861698,Overall ASIR (25-49y)
China,2041,NA,54.59893109097028,11.279411721231522,162.4459507919499,18.540230587333983,101.37577107441054,25.121344395224142,75.69113064924905,31.067386174940836,61.53867620693412,37.13493086545301,51.619727119921635,40.36273360632408,47.5216205559141,Overall ASIR (25-49y)
China,2042,NA,57.636778645343846,10.244811501725524,183.9263149476992,17.53778851855047,110.35411301741829,24.36241430839808,80.41402179201636,30.659843708010378,64.2633237606908,37.19080965397123,53.12497855130673,40.702658178465484,48.57339924651772,Overall ASIR (25-49y)
China,2043,NA,61.07413965157753,9.270060402960606,208.7504869251263,16.544882322463554,120.28126075629358,23.57876120156886,85.48044835217422,30.211234768398423,67.1135274001673,37.20499341086474,54.655178406369366,41.00738840729372,49.62150806775691,Overall ASIR (25-49y)
China,2044,NA,65.03001995304211,8.362347846268738,237.66821357832123,15.577305025653548,131.36575761865768,22.79078435947209,90.98544422949273,29.745233318815924,70.1472958432447,37.20475336089303,56.25160554053316,41.30650091667822,50.702191123334934,Overall ASIR (25-49y)
China,2045,NA,69.59995074122706,7.520662771446057,271.4308511303194,14.637582087635733,143.758065709427,22.000897975345122,96.97094706869107,29.263060218533347,73.37741329457329,37.19020935158369,57.91724575369291,41.599899061661816,51.81647905152993,Overall ASIR (25-49y)
China,2046,NA,74.90080226570309,6.743474351865514,310.9378345256386,13.727936088590228,157.62935768457214,21.21148239975351,103.48299441399305,28.7660081900536,76.81750311869254,37.16154066593616,59.65518139274966,41.88751728694023,52.96541784533672,Overall ASIR (25-49y)
China,2047,NA,81.07653430757428,6.028786706815498,357.2681173851937,12.850255519865195,173.1747280367482,20.42483963035769,110.57223928793321,28.255409872595262,80.4821306689772,37.118970321453574,61.468610953568266,42.169312648682926,54.15007533815748,Overall ASIR (25-49y)
China,2048,NA,88.3057038071114,5.374207349221515,411.71854604346953,12.006082610361688,190.61687644866228,19.643161961947904,118.2945048525345,27.732613655019076,84.38690283614993,37.06275278981425,63.360864199924194,42.44525773235966,55.3715450159343,Overall ASIR (25-49y)
China,2049,NA,96.81133717158168,4.777021536878465,475.850803109889,11.196614816467285,210.21035331829242,18.868510632029622,126.71139039513294,27.198965637044832,88.54856869653611,36.99316479901273,65.33541513758608,42.715335274940884,56.63094878468676,Overall ASIR (25-49y)
China,2050,NA,106.87400445882162,4.23426712158839,551.5489440768399,10.422715921031777,232.24646790930993,18.102801949688654,135.890939075826,26.65579621564223,92.9851237893577,36.91049855599588,67.39589386839053,42.979534237778516,57.929439268803065,Overall ASIR (25-49y)
Global,1990,36.389241723986345,36.39462060705972,36.18608986215221,36.6038188849897,36.25813776481625,36.531254741804865,36.30490693254829,36.484266261152236,36.33866364665632,36.45040765021745,36.367520139518376,36.42150122741032,36.381114765860396,36.407895884266956,Overall ASIR (25-49y)
Global,1991,36.85582806947811,36.85249532803926,36.665145253762795,37.0403346931813,36.72994419673199,36.97515705199966,36.77196595591886,36.93297473175496,36.802281099888624,36.90258502991969,36.82818830891924,36.876641250040024,36.84039177894067,36.86443003104399,Overall ASIR (25-49y)
Global,1992,37.20172653226507,37.21622961855546,37.030665039255105,37.402139722461506,37.09487181289296,37.33766510679501,37.136500701739536,37.295923149430884,37.16652751424377,37.26584389666274,37.19218475606643,37.240160811327485,37.2042693424562,37.22807102643737,Overall ASIR (25-49y)
Global,1993,37.6745845604259,37.67905430220217,37.49469427894825,37.8638618114609,37.558463541121405,37.7997460166887,37.59981661786152,37.75824622041261,37.62964856013328,37.72834618760436,37.65514211728451,37.70281921844426,37.66715047121235,37.69080383330902,Overall ASIR (25-49y)
Global,1994,38.12939488032264,38.1511983674702,37.968320781620776,38.33422312872154,38.031643565472756,38.270785995545346,38.0726795124292,38.22970217954158,38.10226942828329,38.200090060103804,38.12754747023958,38.174800815779314,38.13945172437037,38.162894832304495,Overall ASIR (25-49y)
Global,1995,38.66077469732486,38.656982778994774,38.48364151877432,38.83110551588303,38.54350560958675,38.770637500380914,38.58236909476391,38.73151683693639,38.61042418620191,38.70334220818025,38.63441114306194,38.6792969681106,38.64571317144907,38.6679818294671,Overall ASIR (25-49y)
Global,1996,38.919246155038394,38.901412514836345,38.730358060818226,39.07335136191805,38.78940646840011,39.01361962960525,38.82775139483248,38.97498354063528,38.855437340177815,38.947162244684826,38.87911206067272,38.92342159276668,38.89026796491003,38.912250723385576,Overall ASIR (25-49y)
Global,1997,38.773424901243324,38.79498623775647,38.6257784302091,38.96439076074115,38.68433384239467,38.90568266843414,38.722300579142946,38.86765173894245,38.74968475908613,38.840237804322015,38.77308216517787,38.81682561193018,38.78410157714116,38.80580348400787,Overall ASIR (25-49y)
Global,1998,38.72527580890053,38.75163577058121,38.58393027109037,38.91945130941699,38.641981772599436,38.861314004479794,38.67961606472231,38.82364412829517,38.70675733500939,38.79648641586952,38.729944964468594,38.77329045343362,38.740864877975724,38.762369359634704,Overall ASIR (25-49y)
Global,1999,38.75468728896272,38.774884085881425,38.60905836201709,38.94103810769896,38.666414260658875,38.88342816330629,38.70361494644484,38.84611975003182,38.73045240578139,38.819232248290305,38.7533865847814,38.79627346304136,38.764188999838055,38.785465951772,Overall ASIR (25-49y)
Global,2000,38.81386039761186,38.81927551566067,38.65756132466025,38.981556905085725,38.713439058581486,38.925240700761755,38.74970458220863,38.88878863245968,38.7758786189441,38.86252790336702,38.798253196529416,38.84011099170163,38.808794190793165,38.829560616371126,Overall ASIR (25-49y)
Global,2001,38.778444443739474,38.75437233200228,38.594280823412554,38.9152763462866,38.6495431214999,38.85938632068122,38.685431601301296,38.823230306814246,38.7113444091557,38.79719311959725,38.733502921776605,38.774974025685516,38.74394429566066,38.76451888380731,Overall ASIR (25-49y)
Global,2002,38.41269744940754,38.428403457401835,38.270607774237625,38.586476280852196,38.325190131176576,38.53167944565954,38.36059145642456,38.49618720901935,38.38613015407301,38.4706062796568,38.407953808979755,38.44876182740921,38.41823289129073,38.43847850245873,Overall ASIR (25-49y)
Global,2003,38.16704216738938,38.15582368829421,37.9999188569268,38.31204105114782,38.0538384148666,38.257879624737114,38.08881354543634,38.222801943044814,38.11404652226719,38.197521335040356,38.13561006292066,38.17593439110039,38.145766964822236,38.165772610729256,Overall ASIR (25-49y)
Global,2004,37.90457468927143,37.9060126109195,37.75151695418246,38.06076723382515,37.80495949435723,38.007124238869615,37.83962118042433,37.97237763441836,37.864625988964455,37.9473333827706,37.88599315202076,37.92594678147947,37.89605713069518,37.91587886826404,Overall ASIR (25-49y)
Global,2005,37.81647345996701,37.79946942196662,37.64698290878692,37.952324285212235,37.699705180118386,37.899317085815525,37.73391026113149,37.86499101749715,37.758590721520356,37.84025434888883,37.77968403289842,37.81913349117676,37.78962000692657,37.809191623413966,Overall ASIR (25-49y)
Global,2006,37.710423825861106,37.71207092047545,37.560962637458154,37.86336891297905,37.61324585288307,37.81093877210571,37.64715098044152,37.77697152928564,37.67160757947173,37.75248608193705,37.6925045887045,37.731574774274726,37.702346593153166,37.72173004292584,Overall ASIR (25-49y)
Global,2007,37.651147265219265,37.64095309826659,37.49116531380946,37.79105921571613,37.54296351680246,37.73901469274223,37.576565535394366,37.705308182645055,37.60080907982092,37.68101610287837,37.62152776862347,37.660273591977926,37.63128690553038,37.6505094365503,Overall ASIR (25-49y)
Global,2008,37.65081551710467,37.603722988375424,37.45472916446097,37.753425695129636,37.50616792015255,37.70143911581064,37.5395712640521,37.66780244964283,37.563688340773936,37.64357692553732,37.584310200365806,37.62290223779224,37.59402710738035,37.61317335192627,Overall ASIR (25-49y)
Global,2009,37.41826943005493,37.43283205262945,37.2840315571397,37.58204023710993,37.33546948367151,37.53028726255034,37.36884510382892,37.496777532284405,37.392929050723204,37.47263122572561,37.413513911795334,37.45201583755597,37.423210798027476,37.44231232503313,Overall ASIR (25-49y)
Global,2010,37.2756879260896,37.26531834756292,37.11768694670511,37.41338554546517,37.16871131093023,37.362024073324534,37.201823330894825,37.32876887283247,37.225718974962575,37.304806724209975,37.24614398936383,37.28434919605634,37.25576587132827,37.27472020401341,Overall ASIR (25-49y)
Global,2011,37.1270956498571,37.14076647707329,36.99480130963968,37.28696152133329,37.045293755462104,37.23629115662487,37.078042509815575,37.20346702022916,37.10166726542854,37.179807245340456,37.121854953384734,37.159602283829734,37.131363302886015,37.15009046735115,Overall ASIR (25-49y)
Global,2012,37.079536346520314,37.107173562110546,36.96130370021978,37.253137767807424,37.0117879445669,37.202580190474364,37.04452274454015,37.16981474236259,37.06813261380135,37.14619066821373,37.088304093836506,37.12601199610985,37.09780370835596,37.11651132968182,Overall ASIR (25-49y)
Global,2013,37.342144824204475,37.32724289853835,37.1816636095727,37.47321957990524,37.23198544246731,37.422590358707836,37.264638885634994,37.38980635758768,37.28820227572999,37.366182318510766,37.30834240336064,37.34601251654214,37.31782980599804,37.336518669432465,Overall ASIR (25-49y)
Global,2014,37.79249132264983,37.79038869311339,37.639111761786396,37.94215966854852,37.691391787648065,37.88949772965263,37.725318547419825,37.855408492439246,37.74980285803977,37.83084866490922,37.770731870133424,37.80988275004361,37.780591511350956,37.80001498049697,Overall ASIR (25-49y)
Global,2015,38.33316722932569,38.32604693127495,38.17292836570512,38.47941263708559,38.2258941330712,38.426254907534016,38.260247712676104,38.391820671421684,38.285030330594594,38.367000722332975,38.30620749403083,38.34580517210347,38.31618191688575,38.33582706928286,Overall ASIR (25-49y)
Global,2016,39.02199811099509,39.02290083176147,38.86882885129591,39.17725006314186,38.92211870245673,39.123745268557315,38.95668458375314,39.089088648224816,38.981621507654786,39.064109649820395,39.00293133971912,39.04277912193681,39.012968497631746,39.03273773049017,Overall ASIR (25-49y)
Global,2017,39.69967172498027,39.690569268633325,39.53511076274661,39.846578597882576,39.58882145433173,39.79244266014627,39.62368394965575,39.757398678106085,39.64884662205891,39.73215154716331,39.67035725512917,39.710599653704485,39.680491362900874,39.700456383099564,Overall ASIR (25-49y)
Global,2018,40.31856703330839,40.31071774545523,40.15262373160332,40.46940226045656,40.20722361186161,40.41434843348668,40.242675815479345,40.378700548747176,40.26826905539285,40.353015830654336,40.29015028499479,40.33108983798539,40.30045957683076,40.32077055342344,Overall ASIR (25-49y)
Global,2019,41.229069349672436,41.19308567054404,41.01906050942732,41.36722012484977,41.07931519304992,41.306874968281484,41.11836890035173,41.26778888876672,41.14652942817427,41.239614404849526,41.17058549702505,41.21555139295419,41.18191393165966,41.204222185787266,Overall ASIR (25-49y)
Global,2020,42.15888678926018,42.22527324483599,42.04512648693344,42.404821251586355,42.107607730524414,42.34279183613625,42.14807591376961,42.30252737912604,42.17723667074281,42.27346357712622,42.20213093325307,42.248616324549324,42.213848570023664,42.23691090755859,Overall ASIR (25-49y)
Global,2021,44.19120771072237,44.19326054059078,44.010471485536804,44.37601650016826,44.07377515547942,44.31273445389653,44.11480334739991,44.27171967089083,44.14438581891442,44.24214417622017,44.16965444802085,44.216878644332624,44.18155300595353,44.20498176587878,Overall ASIR (25-49y)
Global,2022,46.499810592469274,46.44136963870142,46.25267181845007,46.631176389817064,46.31778503728155,46.56520699035004,46.360077731452755,46.522548822392864,46.390619123032444,46.49183741512482,46.41673916995661,46.46563457653216,46.42904848265159,46.45330636432291,Overall ASIR (25-49y)
Global,2023,48.357185624315115,48.357185624315115,48.150219180382344,48.564934763435524,48.221681478101075,48.492870765381674,48.26809369037933,48.44619923664898,48.30160265118143,48.41256905732397,48.33025302853961,48.383859301109716,48.34375196275469,48.37034723860461,Overall ASIR (25-49y)
Global,2024,NA,50.617221114481815,49.911412811656874,51.3230467521199,50.160592987158815,51.073737868087896,50.31870540403199,50.915681478197584,50.431633278494616,50.80279287226911,50.52766069873469,50.70678351945154,50.57280669265853,50.66164839134311,Overall ASIR (25-49y)
Global,2025,NA,52.89509605573744,51.47167562586354,54.337639345453006,51.976732228180815,53.817178503034874,52.29427691118326,53.49369137814262,52.520336374327975,53.2649687222947,52.71245619712498,53.07156762429454,52.8028310518305,52.980909484489125,Overall ASIR (25-49y)
Global,2026,NA,55.630313898188106,53.2551045163213,58.04138709330684,54.102077401641054,57.16463921876098,54.63170801775647,56.62435905403295,55.007623942957416,56.24379509287258,55.32662342356948,55.92257358661393,55.47661568980957,55.77210867395695,Overall ASIR (25-49y)
Global,2027,NA,58.60360236107679,55.058173935934825,62.22697327736728,56.3213351955174,60.89866860468812,57.11088697430277,60.08623330056389,57.671133871031536,59.51609404866266,58.14663630177681,59.03588513214155,58.370313496294195,58.81120586537039,Overall ASIR (25-49y)
Global,2028,NA,61.389404813417194,56.510565505824054,66.46545081549795,58.23498286819241,64.5796676251827,59.31698418354534,63.43785543363059,60.08708504316038,62.64142848094782,60.742503760946775,61.97344877913135,61.05145002835089,61.66172819038558,Overall ASIR (25-49y)
Global,2029,NA,64.03562688450002,57.57683231510988,70.90642588360627,59.82965228429158,68.3207957583555,61.25455817940844,66.76850789082387,62.27440750398756,65.69197871397918,63.14620230802132,64.79307391633486,63.55835530408674,64.37483616293535,Overall ASIR (25-49y)
Global,2030,NA,67.05709393595563,58.753691025198144,76.09511899716335,61.608989962556414,72.64985511775492,63.43076472082765,70.59901100289137,64.74242394263558,69.18494563319109,65.8688247684006,68.00951207822219,66.40298139983965,67.46427680588425,Overall ASIR (25-49y)
Global,2031,NA,70.84857956659907,60.3454907659079,82.51564978081677,63.91016323229921,78.01740534264425,66.2034400497846,75.36049483453517,67.86335024038983,73.53786885946592,69.29454422640055,72.02875374293079,69.97506549472118,71.33059914466779,Overall ASIR (25-49y)
Global,2032,NA,75.25344010742516,62.186931099431455,90.08093774518848,66.56113458907231,84.29508875991496,69.39927287978792,80.9063810433496,71.46477378923515,78.59444795301303,73.25306035866677,76.6881561837011,74.10575382983902,75.80873405807166,Overall ASIR (25-49y)
Global,2033,NA,79.47544702012965,63.61339436864548,97.93582902787058,68.83913447112452,90.62947158497138,72.26190544446845,86.39306176904094,74.76863664332586,83.52188383557393,76.94959109687036,81.16640373176082,77.99296783912341,80.0834329052978,Overall ASIR (25-49y)
Global,2034,NA,83.11199239825152,64.25360258644628,105.68681282156696,70.35184628030765,96.61609953311634,74.3900208092196,91.41216275855312,77.36921147782921,87.91032289220686,79.97588794547801,85.05331791222002,81.22764496401896,83.74468634291037,Overall ASIR (25-49y)
Global,2035,NA,87.44561900179441,65.13690253011939,114.94163373541475,72.20957180898945,103.72276046728955,76.94715192333791,97.35642391483194,80.4692408060418,93.10374198301068,83.5691095767325,89.65392483036945,85.06356014464227,88.07989265049765,Overall ASIR (25-49y)
Global,2036,NA,92.97531664562734,66.5719019530417,126.47727179648349,74.77523993219067,112.60016149645313,80.33478708945762,104.81153818627118,84.49982063153787,99.64666174877,88.18707777020246,95.48053167651298,89.97166925940498,93.58700012003011,Overall ASIR (25-49y)
Global,2037,NA,99.642930540512907,68.43921791633937,140.43914211666612,77.93121552409012,123.27759866935561,84.44170668085839,113.75599355188326,89.35770450449253,107.48983558284108,93.7360133262757,102.46500908873915,95.86360236330445,100.19031388298708,Overall ASIR (25-49y)
Global,2038,NA,106.46027502523582,69.9908646044704,155.7069435639418,80.83216016487675,134.64538291930896,88.36289045198622,123.10598805877386,94.09736719335501,115.57493403314336,99.23782831510871,109.57444731274566,101.74664737880065,106.869892096693,Overall ASIR (25-49y)
Global,2039,NA,112.70581548715938,70.69290128456488,171.4475817661456,82.86792200391271,145.8842002226395,91.44223996507627,132.06507865576603,98.03159788929518,123.12651146537402,103.98020151155617,116.05371790469079,106.89716212415006,112.8808407640623,Overall ASIR (25-49y)
Global,2040,NA,119.78328232876702,71.476144894159,189.800745896411,85.10206438958538,158.78545986309624,94.83637509440176,142.25182966670343,102.38886929199577,131.65638908636265,109.25709142141977,123.33263773253233,112.64153258157592,119.61682319387441,Overall ASIR (25-49y)
Global,2041,NA,128.20263013170054,72.58529899325453,211.82876089567642,87.83633418112709,174.11798638768028,98.89240824342885,154.30322856582,107.55445477946216,141.7257975504366,115.49090884827616,131.91755533598442,119.42137376541491,127.56097304539495,Overall ASIR (25-49y)
Global,2042,NA,137.89791236754363,73.88753263727811,237.84414801326832,90.92599672973837,191.94834416133747,103.46515804515728,168.19308447695147,113.38818847254028,153.26328293923606,122.55041182189187,141.70917949191588,127.1114176068935,136.60373321877142,Overall ASIR (25-49y)
Global,2043,NA,148.52647285736725,75.10561497352711,267.7483807460583,94.04074789427472,211.97117915718863,108.19447999562774,183.5552454055045,119.5126089323174,165.8815414210545,130.04733308933717,152.31309359245805,135.31989576606318,146.350129918412,Overall ASIR (25-49y)
Global,2044,NA,160.15871865785226,76.18821884298055,302.14449152394445,97.12828189619295,234.444504187306,113.03556581628348,200.5203682280776,125.89441661708473,179.6489027009105,137.96367366319427,163.7586400512802,144.03816848313414,156.8148130511723,Overall ASIR (25-49y)
Global,2045,NA,172.92053704385845,77.12247947918385,341.80879353713414,100.17317373498058,259.7134631674373,117.97961320107744,219.2792161406451,132.53640262047472,194.6824222947332,146.31849334809647,176.11778490044023,153.29550893750036,168.05304550887047,Overall ASIR (25-49y)
Global,2046,NA,186.95677165210606,77.89879925338674,387.652481662006,103.16185627947804,288.16968919273177,123.018805366617,240.04345094920595,139.44219194589527,211.1099178371597,155.1322396650148,189.4681207085311,163.12317039382702,180.1241105734059,Overall ASIR (25-49y)
Global,2047,NA,202.434475400908,78.51039231621438,440.74807486157505,106.08235290190572,320.2587973528311,128.14612673471305,263.04853461824547,146.61612731760118,229.07127186053265,164.42673946434374,203.89343329105185,173.55446183279665,193.09166063931866,Overall ASIR (25-49y)
Global,2048,NA,219.5467961182218,78.95292766019708,502.360905193555,108.92407554083616,356.48893498160373,133.35521849297143,288.5569356622018,154.06317439570532,248.71983360187733,174.22520001668926,219.48429727890667,184.6248306677821,207.0240806752241,Overall ASIR (25-49y)
Global,2049,NA,238.5176401003331,79.22423736445225,573.986749598791,111.67766109172285,397.440616420582,138.64025433978304,316.8617232532832,161.7888365362033,270.22395976293524,184.5522162091997,236.33871996444103,196.37195387200228,221.9948788376411,Overall ASIR (25-49y)
Global,2050,NA,259.6072845140696,79.32406754540271,657.3969062569182,114.33483125415279,443.7780689241103,143.99582725843635,348.29060996793385,169.79907329697522,293.7687141679181,195.4337805908954,254.56283912228537,208.83583561719823,238.08310641966588,Overall ASIR (25-49y)
China,1990,7.39226217325,7.9180102002478465,7.8172115917959335,8.019423381330173,7.851986244239407,7.984173250518953,7.874577474661505,7.961380224809187,7.890893068234584,7.944970948368457,7.904847366831588,7.930970808471906,7.911423947000508,7.92438425923905,25-29 years
China,1990,15.19697087804,15.57142135786556,15.384529705023516,15.7592643531163,15.449048350382386,15.694009721474453,15.490944617388951,15.651801131488668,15.521193971525978,15.621406756708081,15.547059931914472,15.595469707866709,15.559248734782521,15.583265686368692,30-34 years
China,1990,25.989604168929997,25.283994572024802,24.99780152168898,25.571717777783718,25.096575560348555,25.471759793572648,25.16072941903951,25.407103600162912,25.20705419930194,25.36054561574389,25.24666909878561,25.32081653079919,25.265337522012416,25.30212343830439,35-39 years
China,1990,42.06237057346,41.78042217519917,41.30081130671206,42.26319112325996,41.46620119440136,42.09535853262553,41.57368167286874,41.98684048980457,41.65131998292139,41.908720382952765,41.71773076066864,41.84207416915134,41.74903197140871,41.81072111658424,40-44 years
China,1990,60.18677488077,60.07001340745091,59.21017798950096,60.93781443029133,59.50625131157402,60.635582276412585,59.698815531934486,60.44039916640436,59.837998283414144,60.29999999459078,59.95711294248433,60.18029172023868,60.013274586860426,60.123997569699554,45-49 years
China,1991,7.53893676534,7.912717213210479,7.823501259106594,8.002464134786951,7.854293601559199,7.971260844407037,7.874288908334613,7.951091252304296,7.888726689628123,7.936572589167744,7.901073598666421,7.924186146168749,7.906892290474867,7.918358788415676,25-29 years
China,1991,15.71974639761,15.987243408493876,15.8182327056255,16.157519868488162,15.876522381563666,16.098250604674803,15.914387132662036,16.059970192545197,15.94173593956125,16.03242850436434,15.965130356648556,16.008940050360383,15.976157359032136,15.99789197823652,30-34 years
China,1991,26.516112980870002,25.93097455358881,25.675028708090412,26.18831333127771,25.763416212932324,26.098847816867178,25.8207848323813,26.04102192987212,25.862197950824346,25.999396577742964,25.897608055773826,25.963882728534035,25.91429413405959,25.94717393131465,35-39 years
China,1991,43.01376243351,42.77857525772518,42.35342516057577,43.207255465893745,42.49999154889907,43.057958432189075,42.595222092148624,42.961567699982304,42.664016980719516,42.89223420339916,42.722873627949745,42.83311516778492,42.75061857857709,42.805310941417595,40-44 years
China,1991,61.250398081730005,61.345196914584875,60.664215782715424,62.029563117721366,60.899465797017584,61.7916955892507,61.052118558617806,61.63793069064539,61.16229878362951,61.52723375959266,61.25649775364099,61.43278152455747,61.300884068646084,61.38834085448532,45-49 years
China,1992,7.64472483686,7.912882551281465,7.825732230632393,8.000635510673488,7.8557955342104115,7.970105886896572,7.875323352117056,7.950380155307065,7.889426729873351,7.936184919191445,7.9014898856139615,7.924076934454858,7.9071755348598805,7.9183813171741075,25-29 years
China,1992,16.028427455550002,16.268956996957446,16.100731737045024,16.43910002698112,16.158613548007775,16.37973576938114,16.196267447283297,16.341450855629592,16.223491066795546,16.31393412585757,16.246796794466032,16.290485830738877,16.257787570767047,16.279462316885148,30-34 years
China,1992,26.957535190480005,26.55469327032928,26.298682830009096,26.81238818424534,26.387037183512223,26.72273083298578,26.444404481220566,26.664810045803076,26.485827498661163,26.623130042841186,26.521253760578976,26.587578387970566,26.537949824757042,26.570854376819504,35-39 years
China,1992,43.92297525659,43.605487027413915,43.18686455044092,44.027826875404756,43.33114085067788,43.88067560231212,43.424895760012056,43.785698558450584,43.49263222929742,43.717394647307444,43.55058917787916,43.659161419050896,43.57791185262215,43.63177599496829,40-44 years
China,1992,62.61329335043,62.64992747400307,61.9808924152823,63.32076416511545,62.212465360830414,63.08779664341578,62.36251266796747,62.937159018009524,62.47071930107308,62.828678111692575,62.56317620956253,62.73608542884804,62.60672659978131,62.692508535252436,45-49 years
China,1993,7.74049586816,7.921494516434449,7.835421661382009,8.008263413107148,7.865093028555283,7.9780534383107655,7.884374075502735,7.958543765350753,7.89830320438941,7.944508535748867,7.910220049645876,7.932539983793533,7.9158375710954445,7.926910828248348,25-29 years
China,1993,16.17107036089,16.33429328781381,16.1689369175717,16.50161079152846,16.22581783068127,16.443213825981132,16.26282549056918,16.40556090733102,16.28958452713153,16.378502169600335,16.312494446556133,16.35544652349714,16.323299156205064,16.344608272638958,30-34 years
China,1993,27.365714747859997,27.147094009656726,26.888079963456722,27.40804479621387,26.977425088189314,27.317200703302085,27.035453261637652,27.25853652662734,27.07736237453832,27.216332312759974,27.11321049419166,27.180340401161907,27.130107251301055,27.163411294044224,35-39 years
China,1993,44.53180516907,44.21126539148441,43.7979338113095,44.62655041183428,43.940747150976875,44.48222521421511,44.033407483890805,44.38892374487212,44.10028176304576,44.32175187144829,44.15745293305949,44.264435056009546,44.18439058476324,44.237465858545924,40-44 years
China,1993,63.757202048900005,63.86223712674006,63.200824520915816,64.52557816799566,63.42972831471132,64.2951809728596,63.578058437966504,64.14621917169097,63.685032812392656,64.0389515059499,63.77644092283282,63.94739856659046,63.81949843614986,63.904312180815985,45-49 years
China,1994,7.854621385690001,7.950073464289157,7.864655256665245,8.036265645215853,7.894082927402933,8.006238978457752,7.913213032923402,7.986854664479706,7.927036680218171,7.972913067853274,7.938865642048216,7.961026679985761,7.944442438185357,7.955436865955467,25-29 years
China,1994,16.08597332525,16.255477097450314,16.095345963918586,16.416878037562743,16.150564706867968,16.36067618912519,16.18643608024575,16.324387990350143,16.21234658590895,16.29828415257986,16.234512038661595,16.276024543339844,16.244960208345045,16.265555125319544,30-34 years
China,1994,27.73458722773,27.736897375806485,27.47401433457487,28.000948195065725,27.564863667762324,27.909193550195056,27.62380065914848,27.849874179762235,27.66633244343369,27.80716520316837,27.702690578495186,27.770720350115415,27.719820902689978,27.75357137023838,35-39 years
China,1994,45.2095819063,44.89983003361766,44.48965463710103,45.31072148738731,44.63163766469081,45.16818150788912,44.72365507306272,45.07593126722803,44.7900135474497,45.009465105533934,44.84670898052992,44.95271602782179,44.873411966919264,44.926003462894144,40-44 years
China,1994,65.14337398328,65.16918965840273,64.53032185236637,65.8113605553764,64.75111095125855,65.58801152590982,64.89431065999257,65.4437296234121,64.99764694647719,65.33989174682205,65.0859873529534,65.25130614892177,65.12761192298129,65.20962824039748,45-49 years
China,1995,8.06152589227,7.985945805360931,7.90136245864747,8.071077584151888,7.930547521692095,8.041468145118628,7.949502090396481,8.022333471959739,7.963190033729064,8.00856193464086,7.974896877048932,7.99681428397502,7.980414272452022,7.991287837585357,25-29 years
China,1995,16.25242291783,16.2046246766856,16.049757690646736,16.360091222394633,16.10328675594375,16.306097623992347,16.138012286292906,16.271175671070814,16.16307047512965,16.24602639713918,16.184489832571387,16.224562369958463,16.194581088475452,16.214461653946113,30-34 years
China,1995,28.2039822566,28.460094206041497,28.194913382529332,28.725764713243773,28.286689082293922,28.633608443752824,28.34617819283835,28.573959905008657,28.389082573742243,28.530981742641504,28.425741083924468,28.494286530912085,28.443007285324722,28.477013645546172,35-39 years
China,1995,46.04730999697,45.952111126662096,45.551302635921864,46.354360396995716,45.689858187186985,46.21468765059559,45.77973706711195,46.12433727362549,45.84459084574633,46.059265021445064,45.900024204990935,46.00372451233411,45.92613944340519,45.977586696080124,40-44 years
China,1995,66.56054811806,66.75457555696852,66.14517280717044,67.36815043477827,66.35546666238285,67.15462665424312,66.4920142699179,67.01670954200277,66.590614786506407,66.91747373362917,66.67494430439682,66.83283452950587,66.71468904181539,66.79302047317846,45-49 years
China,1996,8.27458641165,8.026397998193024,7.94209217054666,8.111307571511972,7.971168801017453,8.08176394752938,7.99005819241616,8.06267615578158,8.00370160092892,8.048940628987628,8.015372028534157,8.037225267099233,8.020872756722879,8.031714490353613,25-29 years
China,1996,16.47881625841,16.2233547004893,16.07172870635596,16.375821749068532,16.124082735070367,16.322816807217134,16.158068183982582,16.288555234686015,16.18260323849603,16.263892029912046,16.20358271733152,16.24284995787647,16.213468909246373,16.232949964177898,30-34 years
China,1996,28.82469830229,29.268228753725978,28.999768929172653,29.5384811699217,29.092408009984286,29.44445571122151,29.152563935290384,29.38371058521904,29.19600307348222,29.33999783871119,29.23315494730113,29.30271251754915,29.25066455004048,29.285173042787562,35-39 years
China,1996,47.17247110352,47.210643411287734,46.80822333021044,47.61546372902861,46.94713555474724,47.4746954926524,47.037324882960235,47.3837171154679,47.10244258837817,47.31823290735093,47.15812860526295,47.26236800557207,47.18437104325103,47.23608575649092,40-44 years
China,1996,68.3324488886,68.4718293078978,67.87127122149353,69.07810029070313,68.07816924935676,68.8667870086697,68.21264999767469,68.73042613285537,68.30982664344477,68.63237596082944,68.39298446147508,68.5487930378871,68.43219078595,68.50948951666311,45-49 years
China,1997,8.37080280612,7.999000843991764,7.915543117004362,8.083088862326198,7.9443207636827,8.053823448837619,7.9630184456090936,8.034918765676496,7.976524643244499,8.021316508561004,7.988078558988403,8.00971576933323,7.99352462994647,8.004259186118135,25-29 years
China,1997,16.428727960859998,16.174957509756617,16.025662699751383,16.324862562742393,16.07725750276303,16.272795197484324,16.110731936093327,16.23912066940038,16.134889022967354,16.214870751255862,16.155539202925645,16.194175085632896,16.165268364395196,16.184436193688466,30-34 years
China,1997,29.050531255120003,29.693047418917068,29.42383725081309,29.964379348390537,29.516662514105843,29.869913275314417,29.576969851657584,29.80890833535836,29.62053282812373,29.765021413174754,29.65780010574629,29.72759633864221,29.675366903283898,29.7099938204454,35-39 years
China,1997,48.094439691889995,48.205618871967225,47.79800382303,48.614885857669684,47.938871941093225,48.47273989755946,48.0302667123566,48.38080263062749,48.096222570688866,48.3145948051955,48.15260357747094,48.25809033267163,48.17916692617295,48.23150047691139,40-44 years
China,1997,69.3932227355,69.5851528898571,68.99033438748427,70.18403410759767,69.1955965849423,69.9756296853408,69.32887603754166,69.84101486812213,69.42511674867679,69.74415409880791,69.50742824146998,69.66154032105862,69.54622181177055,69.62267887127344,45-49 years
China,1998,8.420765561829999,7.892857604511575,7.810574416452957,7.975773078589038,7.8389442769345,7.946913948030579,7.857378277371603,7.928272264156227,7.870694569408168,7.914859589072455,7.882086380451907,7.903420802205668,7.887456140916292,7.898040481357758,25-29 years
China,1998,16.4241185723,16.128584898307388,15.981130162713413,16.276862960643765,16.032043225404994,16.22531245614195,16.06509346227525,16.191992047200053,16.08895347556762,16.168006697908268,16.10935583448215,16.147543145385235,16.118970089404254,16.137915373086173,30-34 years
China,1998,29.04234853894,29.693569772642114,29.428933166758043,29.960404468224745,29.520154640088585,29.867482649683264,29.57943186764059,29.807482968213996,29.622256084496364,29.764323377929855,29.65889474552658,29.72752144629758,29.676166196069367,29.710212905151767,35-39 years
China,1998,48.98180512146,49.091661301489935,48.67795650535561,49.50744544110871,48.82084410527875,49.362947912772185,48.913583517640504,49.26952624362479,48.9805264856729,49.20226675381561,49.03776247071821,49.14487612747813,49.064731989514314,49.117872669566985,40-44 years
China,1998,69.82252882817,70.2666918747223,69.6799664767908,70.8547081344138,69.88300224840089,70.65067262943337,70.01461164021497,70.51864059850077,70.10953434472829,70.4235216588428,70.19064284824191,70.34231600409869,70.22884645313182,70.30409355219352,45-49 years
China,1999,8.34608795254,7.736369312276052,7.65582647342723,7.817533186937263,7.68359671907544,7.789282453637768,7.701640634400251,7.771034505498982,7.7146750388465986,7.757905396776043,7.7258256919220525,7.746708584542954,7.731081785049662,7.741442110652579,25-29 years
China,1999,16.32198580992,16.083724308231773,15.936998486348406,16.23166956828425,15.98757415678565,16.180150256397848,16.020440117048196,16.146883695145288,16.044184067812992,16.12295384847064,16.06449851890052,16.1025489074648,16.074074759549372,16.092952118387334,30-34 years
China,1999,28.81043206502,29.36559196252467,29.10861700970583,29.62396937309312,29.197352436195604,29.534148043876662,29.254952018451604,29.476088291348617,29.29653351643074,29.434293330390407,29.332088317913758,29.398634313369044,29.348842587350163,29.381857027664715,35-39 years
China,1999,49.689104423939995,49.847432185352616,49.42605493547426,50.270281596024894,49.57173324022248,50.1234619632074,49.666226423812596,50.028486897924104,49.734407264505265,49.96008272457769,49.792682984290344,49.90169745642778,49.820136847537256,49.8742205216477,40-44 years
China,1999,70.35660068644,70.9094319796724,70.32898244210402,71.4903741776785,70.53001086626982,71.28896085060458,70.66025446669985,71.15855863385134,70.75415934126283,71.0645805648978,70.8343759219766,70.98432652266813,70.87215264604012,70.94654515110948,45-49 years
China,2000,8.24131361096,7.565005403073348,7.486202709440559,7.644523257221419,7.51334969906895,7.61682318511172,7.5309981317386745,7.598939627843019,7.5437514802680194,7.586077103833223,7.554664780719707,7.575110642376452,7.559809918746885,7.569953429164105,25-29 years
China,2000,16.13513456701,15.965838298570196,15.821029454893463,16.111880546195195,15.870937058242122,16.06101921669801,15.903371914295002,16.028178751392502,15.926805963621096,16.004556336870483,15.946856292871919,15.984414300349348,15.956308321612452,15.974941410381192,30-34 years
China,2000,28.60221606462,28.93257056632263,28.68469402591687,29.181645554176573,28.77031253089391,29.095100090089986,28.825881079115597,29.039137811862066,28.865991752847815,28.998844279917186,28.900285403550086,28.964461214119396,28.91644422592312,28.948282825530672,35-39 years
China,2000,50.53123865781,50.559862401607234,50.13589657624491,50.98563352787241,50.28239157395622,50.837742575567674,50.377448116589534,50.74209281884752,50.446051446745166,50.67321387574501,50.50469860137661,50.61443174702923,50.53233044709247,50.58677072572933,40-44 years
China,2000,71.02917109791001,71.72742061509612,71.16393712409581,72.2947270549308,71.35834960195794,72.09735736756059,71.48461206334063,71.9698385021208,71.57579417709222,71.87807307940179,71.65378231468259,71.79980070174575,71.6905385468401,71.7629804331032,45-49 years
China,2001,8.09044859976,7.358677745794276,7.2815448809191725,7.436409656148934,7.30813561097975,7.409355416732665,7.325415581288115,7.391878655778415,7.337898949721602,7.379303949553118,7.348578574232046,7.368579809606064,7.35361271584363,7.363535651860314,25-29 years
China,2001,15.78531418789,15.667605998067517,15.524802815060267,15.81168500637262,15.57400569290773,15.761496172899683,15.605988140272801,15.729093823984078,15.629098045861939,15.70578880098742,15.64887283592919,15.685919016988063,15.658195509910877,15.676574678696777,30-34 years
China,2001,28.122483186620002,28.284518349281917,28.044521177774985,28.52601539011453,28.127341175740018,28.44203586113319,28.181125758578695,28.387758030243255,28.219964112635747,28.34869052264845,28.253180014729438,28.315362821697992,28.268833982746848,28.29968385063049,35-39 years
China,2001,50.6618152499,50.77619030985029,50.35139966492451,51.204767628567986,50.497757903996124,51.05548363532217,50.59289535903821,50.959099519598624,50.66164076777879,50.88977470318066,50.72046550189562,50.830667920709786,50.74819793937231,50.802871051492524,40-44 years
China,2001,71.46284125239,71.9703892786572,71.41164230836648,72.53397688121447,71.6041841312299,72.33769647368013,71.72932986525394,72.21095620363405,71.81975310361409,72.11979156016376,71.89712353903802,72.04206017703642,71.9335979610472,72.00550325520254,45-49 years
China,2002,7.69017607222,7.122168061281596,7.047007060869365,7.197369854088225,7.0730351215031835,7.171308966847402,7.089901994800565,7.154429602435663,7.1020635459299,7.142262471742793,7.112452241391698,7.131870803994091,7.117344565787749,7.1269784066112,25-29 years
China,2002,15.23197107708,15.14857224624403,15.009540543980888,15.288395465062964,15.057539949323589,15.239782863793586,15.088701741554123,15.208361549858974,15.111199489671202,15.185743490246372,15.130437556712351,15.16644671295993,15.139503300443453,15.15736797852792,30-34 years
China,2002,27.23592355805,27.362179101405996,27.13021441015869,27.59428500725599,27.210538674908104,27.513849111459617,27.262592596695864,27.461750630919866,27.300126267446277,27.42419664568167,27.332189285613016,27.392123018716624,27.34728872377942,27.377022773221622,35-39 years
China,2002,49.55706772612999,49.98005269045216,49.56204964216816,50.40055982750559,49.70632289036912,50.254349046411974,49.80000547438623,50.159843938005295,49.86764920987451,50.0918184056884,49.925496965744934,50.033784393751816,49.95275838123117,50.006481456386844,40-44 years
China,2002,70.83281718725999,71.30611115883868,70.75217262116232,71.86125849666861,70.94382859862975,71.66866531222166,71.06808657890105,71.54401208891575,71.15771478074399,71.45420060387576,71.23430225013047,71.37752253108692,71.2703766771616,71.34143037878414,45-49 years
China,2003,7.295961225959999,7.007887248341519,6.933783566034093,7.08244248985457,6.9593591755745825,7.056517143031974,6.975966886357828,7.039761333068306,6.987958736470069,7.0277008067193645,6.998214089173953,7.017411926640876,7.003047134923898,7.01257147660198,25-29 years
China,2003,14.49958865348,14.658609708506493,14.523594288262,14.794502125753482,14.570183427094287,14.747234161192557,14.600439262384011,14.716690394755004,14.6222877041429,14.694708359692791,14.640973716551178,14.675957204247432,14.64978026221046,14.667136096917227,30-34 years
China,2003,26.72245016081,26.763255963131396,26.53746203142333,26.989790697925642,26.615525923933678,26.911152707972903,26.666162810971123,26.86027323437867,26.702699199434644,26.823624367891583,26.73392705617808,26.79234128638812,26.748638298456484,26.77761849134324,35-39 years
China,2003,49.10297358511,49.03733996787989,48.63429302809869,49.44331831637323,48.773297341957,49.30204641356438,48.863600543999716,49.21077978362658,48.92882534277989,49.14510771303377,48.98461884377125,49.08909633596207,49.01091652173187,49.062749418523296,40-44 years
China,2003,71.20929261375001,71.24340549978368,70.68772247535172,71.80149260397204,70.87973326681349,71.60762059937723,71.00431970217437,71.48224538141574,71.0942340126345,71.39196506099087,71.17109923081021,71.31492081854306,71.20731456981835,71.27866658383317,45-49 years
China,2004,6.997901371579999,6.968671463998012,6.891739436229276,7.04642863865289,6.91822347110316,7.0193060102256055,6.935445903821924,7.001812525297033,6.9478947933943,6.989237884197258,6.958550304153867,6.978521210990878,6.963574850562691,6.973482682910576,25-29 years
China,2004,14.055251315260001,14.229933684453506,14.097571166075474,14.36287786808044,14.143302995165731,14.316695329223581,14.172979061064316,14.28682867457019,14.19439731480307,14.265322066763549,14.212707612181967,14.246968531616993,14.221334729303162,14.238332088101807,30-34 years
China,2004,26.16249175207,26.430904841375956,26.20761951180861,26.654910519381822,26.28481544599349,26.577155274055947,26.334890887069115,26.526844559242583,26.3710222917566,26.490604287063864,26.40190383352049,26.459669325988983,26.416451832175156,26.445110189497857,35-39 years
China,2004,48.25594289623999,48.03496213044344,47.64603732461217,48.4246293405146,47.78060722064117,48.28948184844576,47.86785683823732,48.201990752122086,47.93078961139916,48.13894638845271,47.984564023657065,48.08511668781277,48.00989228749282,48.05977802615276,40-44 years
China,2004,71.73246677921,71.65335714752649,71.08754943339736,72.21923671167089,71.28355398598775,72.02316876329891,71.41053723798485,71.89616754931232,71.50208285843077,71.80461486465305,71.58027574263595,71.72641681438752,71.6170963509698,71.68959908378403,45-49 years
China,2005,6.959499350180001,7.005195623735278,6.927057670273045,7.084121025133006,6.953967088998674,7.056603162346466,6.971461892238164,7.038849153617105,6.984105746961684,7.0260848405918646,6.994926877003452,7.015205052995511,7.000029143040969,7.010089421829188,25-29 years
China,2005,14.09571282341,14.013740864145605,13.883162480558227,14.145475022522664,13.928158236258017,14.099584950516547,13.957403458302682,14.069959991191483,13.978534366414653,14.04865286077825,13.996615097233494,14.030486374633062,14.005138953372345,14.021942988700223,30-34 years
China,2005,26.03642740811,26.419904594134255,26.19858065074144,26.642568736098635,26.27496964043117,26.56514267738077,26.324571677447107,26.515100467252694,26.360387060737693,26.47908078604953,26.391015973130642,26.44835222656393,26.405450281060062,26.43389567656632,35-39 years
China,2005,47.732627794840006,47.65014380072471,47.275034624584485,48.026649702805386,47.404678087413906,47.8959246112797,47.488792263831776,47.81135245317018,47.549492630405034,47.75043960904467,47.60137909306566,47.69844903770424,47.62582397476639,47.673981907545304,40-44 years
China,2005,73.70492891007,73.19383750633483,72.62116391134411,73.76852821554273,72.81914193300857,73.5689884162305,72.94756189097312,73.43990695682872,73.04022385319988,73.3469380144986,73.11942514072875,73.26758618683249,73.15673724642616,73.23024213292334,45-49 years
China,2006,7.03228565777,7.028563084530581,6.950071852356438,7.108006072286567,6.977065836704617,7.080276497296667,6.994631551249147,7.0623975516528645,7.0073340667803095,7.04954951599009,7.01821017907297,7.038602623250486,7.023339776293052,7.033456759053688,25-29 years
China,2006,14.24034124222,13.859139546376948,13.728940311574625,13.990164785424975,13.773870674456713,13.944594839922544,13.803048401899083,13.915146061650516,13.824117705269023,13.893951037143648,13.842136868000816,13.875870560329332,13.850628980427668,13.867364777351927,30-34 years
China,2006,25.956071210660003,26.356009903287486,26.13493384825204,26.578271641917354,26.21126901571427,26.501019690700907,26.260823379607768,26.451075552889723,26.296598131464282,26.415119733643536,26.327188132194237,26.384441287787045,26.341602842552945,26.370007016483694,35-39 years
China,2006,46.67300298863,47.32986082890754,46.963843211624805,47.697240775695235,47.0903424998071,47.569687932787716,47.17241779457331,47.48716511034802,47.23164739190483,47.427727593910085,47.282276986406416,47.376996076734926,47.30612979553648,47.353121447460836,40-44 years
China,2006,75.76632435526,74.74021329940675,74.15838282866295,75.32617167582671,74.35908363495666,75.12228068466598,74.48944727535972,74.99055868888382,74.58359968224661,74.8957750609445,74.66413401123651,74.8149331338626,74.70209194693312,74.77690565057051,45-49 years
China,2007,6.89523394285,6.957957265211831,6.879900304757959,7.037416984219028,6.90665033461046,7.009583641359299,6.92409476583836,6.991676975444744,6.936728227811231,6.978828644286234,6.947557876325457,6.967894627871048,6.952669425663046,6.962758757371542,25-29 years
China,2007,14.249814805060002,13.710758580220267,13.58097933785131,13.84103317107052,13.62583444163553,13.795794831319173,13.654935088736279,13.766531589894154,13.675934974374709,13.745456196772173,13.693885583335486,13.727468536130987,13.702342626371825,13.71900363693251,30-34 years
China,2007,25.777796391979997,26.045233919096596,25.82600807194177,26.26650255902674,25.90151696930295,26.189415325854043,25.950611142016218,26.139648581559772,25.986090933010853,26.10385619961895,26.01645356173035,26.073341446140233,26.030768596554704,26.05899157347291,35-39 years
China,2007,45.84308869194,46.782379003654405,46.42132887603547,47.14583981862649,46.54585985533329,47.01944862631581,46.62676603070754,46.93774758138137,46.68520268546709,46.878940934464,46.73518721367607,46.82877590528462,46.758745712373035,46.80517669827174,40-44 years
China,2007,76.76339911951,75.2099336412036,74.62797637555992,75.79887499901456,74.82808095225764,75.59338466454835,74.9583227897319,75.46083698178398,75.05251564488536,75.36557035627655,75.13316927875029,75.28439441377627,75.17120870291069,75.24623393363925,45-49 years
China,2008,6.3554342885,6.677075518959796,6.601267393902785,6.7529707947801345,6.627511664652096,6.72665819182852,6.644521134216971,6.709620792824617,6.656787040675543,6.697342065389187,6.667266036587045,6.686856554109252,6.6722012847557615,6.681920426251219,25-29 years
China,2008,13.683117367200001,13.460322743335063,13.331423853172412,13.589830994846178,13.375952907222446,13.544829381538186,13.404850065022972,13.515732760841365,13.42570724644313,13.494783191016625,13.443538777165534,13.47690649407477,13.451940630728291,13.468494842180188,30-34 years
China,2008,25.2762343435,25.156108310223892,24.94244586915661,25.37053540872711,25.01630225418216,25.29608646623306,25.064215177134173,25.247923087969063,25.09878874570529,25.213233400114024,25.128340735889317,25.18362447022,25.142263023859478,25.169690129218377,35-39 years
China,2008,44.866334339169995,45.657206640626846,45.30752475494659,46.00759137563393,45.42850209884638,45.88606871450978,45.50694637300789,45.807394900961945,45.56353103288884,45.75070387456276,45.61188293682341,45.70229932599378,45.63465755345381,45.67951457013307,40-44 years
China,2008,74.55889014084,73.59697775921768,73.0390078904466,74.15853010569096,73.23154739505041,73.96321968526162,73.3565858618881,73.8370037107775,73.44687863161484,73.74616418795537,73.52410168975021,73.66867463215097,73.56049577175496,73.63222062202989,45-49 years
China,2009,5.8292924596899995,6.419489911643426,6.341138612009575,6.4972391256604505,6.368418675210812,6.470418886898166,6.386036095162694,6.453003105542133,6.398708737253833,6.440425147476284,6.409514217761132,6.429665341122398,6.414597041123854,6.424594212000492,25-29 years
China,2009,13.134398361319999,13.273819499547061,13.140670703812164,13.408287356918757,13.186536358649237,13.361400506307422,13.216349240517765,13.331154531276987,13.23789295557804,13.309409963925976,13.25632947694114,13.290875765698342,13.265022044398929,13.282160886423885,30-34 years
China,2009,24.64317111736,24.223327122740056,24.014538331628493,24.43234198921457,24.08681681154993,24.35988597987916,24.133664868240388,24.31296554395172,24.167448825472707,24.279148430287115,24.196311345138028,24.250269187102912,24.209904389811467,24.236673704770944,35-39 years
China,2009,44.32569673451,44.73471418240402,44.38964698370257,45.080212811999466,44.50907385511895,44.96044706444835,44.58649822685069,44.88288443513486,44.64233801654774,44.826981371331456,44.690046493972574,44.779241273798206,44.712515827381694,44.756766817933,40-44 years
China,2009,71.90036068668,71.47678687375027,70.9429021777437,72.01081154598612,71.1278074545085,71.8257907847402,71.24762402047622,71.70593339012848,71.33401181115407,71.61952784583956,71.40780360603235,71.545725883896,71.44255269753421,71.51097810416911,45-49 years
China,2010,5.689423606730001,6.274964098049704,6.198672499584588,6.351428024171114,6.225084997029875,6.324881978754442,6.242197153414474,6.307713492045081,6.2545364362097695,6.295348046672395,6.265078841214683,6.284792612035406,6.27004443098014,6.279824625014535,25-29 years
China,2010,13.037879718749998,13.19997355404828,13.066352188170253,13.335062871064812,13.112349147108146,13.287932630445372,13.142259543282682,13.257538412380482,13.163880264344545,13.235692664403395,13.182387170390793,13.21707623606083,13.191114288779774,13.20832397699143,30-34 years
China,2010,24.25821973281,23.59784858114901,23.39343123266538,23.80397778850621,23.463882036534915,23.732203967430724,23.509670088849774,23.685852567590366,23.54275208101265,23.652508808503967,23.57105710552444,23.624076316805695,23.584400374351628,23.610704032700646,35-39 years
China,2010,43.79970639294,44.23671462185413,43.897765084192315,44.5782099843048,44.014634546143604,44.45937299399558,44.0905727197189,44.38259703036289,44.14542799914937,44.3273524461255,44.19235492066506,44.28023590452065,44.214474298029714,44.25807347526063,40-44 years
China,2010,70.8469737328,70.15573814622131,69.64744092292995,70.66685045209137,69.82292103304087,70.48919441003028,69.93685203972404,70.37433742508934,70.01910836445532,70.29165080928513,70.08944709220007,70.22110208275338,70.12259310267918,70.18790923649765,45-49 years
China,2011,5.56980937712,6.105755959317344,6.032530845136602,6.180204070699694,6.057649201125006,6.154140967656088,6.0740183570587245,6.137368979905793,6.085868201508894,6.125331910002238,6.0960230990536175,6.115086032833152,6.100815330827006,6.110272686636999,25-29 years
China,2011,12.865792585590002,13.025999961975971,12.893719646896672,13.160066841152508,12.939178207262643,13.113228581069576,12.96877139338196,13.083046727288693,12.990178161113993,13.06136626536634,13.008511834297195,13.042899529405155,13.017160185291878,13.034220386369126,30-34 years
China,2011,23.5104623466,22.94842009609069,22.747390140086644,23.150589059231336,22.816787094894174,23.08031051035287,22.86184541745096,23.034878255495318,22.894377615072997,23.002172535326952,22.922196916266152,22.974268537644782,22.935306563273762,22.961140113041385,35-39 years
China,2011,42.673356832109995,43.39711152799852,43.06243022522444,43.73389839423191,43.17791670076737,43.61678475664174,43.25291987171426,43.541088736520024,43.30708211858146,43.48660448482582,43.353404488515565,43.44012506799998,43.37523540928309,43.41825888069288,40-44 years
China,2011,69.54486388705,68.57962510374418,68.09006077713275,69.07154088887755,68.25914820085674,68.90063602307322,68.36889931989924,68.79011147729662,68.44812315281803,68.71052818099584,68.51585879936881,68.64261688238362,68.54777510623462,68.61066181554406,45-49 years
China,2012,5.465475517220001,5.886215152751977,5.8143067334411604,5.959983675059744,5.838821226336256,5.934042498320543,5.854860053915412,5.917385054683469,5.866501893939384,5.905453609410857,5.876499167454956,5.895315325164833,5.88122318796655,5.890558174000712,25-29 years
China,2012,12.70932205419,12.74380917914291,12.612364235946176,12.877580927342368,12.657424617564693,12.83072667663033,12.6868012287799,12.800581591822981,12.708073201608537,12.778951788769083,12.726306585694315,12.76054449074257,12.73491232296921,12.7518981662155,30-34 years
China,2012,22.65956728181,22.428305416112845,22.228017412221153,22.628141931510083,22.29749594097078,22.559007846234834,22.342472296225235,22.514183225849326,22.37487788514512,22.481848918887987,22.40254356404968,22.454217150030683,22.415567176022964,22.441203202920274,35-39 years
China,2012,41.55929305979,42.3727528456155,42.04248147560682,42.70434010125149,42.156604818654415,42.589197394299696,42.23066056037817,42.51471031465637,42.28410707703396,42.46106376958745,42.3297958200616,42.41527712994155,42.351321596841835,42.393730250801575,40-44 years
China,2012,67.95432510497,66.99911341066301,66.5221064231631,67.47661255864142,66.68723524731536,67.3111001268212,66.79426686691943,67.20390921653734,66.87145235343267,67.12665015162499,66.93739435116842,67.06067103501803,66.96845011460901,67.02960963010426,45-49 years
China,2013,5.424627397879999,5.639061098592853,5.571219352114839,5.707603464775212,5.594578397705378,5.683702295306265,5.609767290636042,5.6682832244184445,5.620745471415519,5.657198229678778,5.630141515582806,5.6477501914749135,5.634571992627245,5.643307898957384,25-29 years
China,2013,12.594378687239999,12.418514042696996,12.289579017421808,12.547525942008942,12.334237079106162,12.502806843952792,12.363170217518094,12.473849651015138,12.384030090856196,12.452978849796835,12.40184849665178,12.435154659915833,12.410239611327492,12.4267632524518,30-34 years
China,2013,22.32653111243,22.355122838680945,22.154508699377335,22.556428569486343,22.223863287381498,22.486537129401437,22.26885159646295,22.441322850736316,22.30131292636902,22.40875693150473,22.32905834169345,22.380960213791578,22.34212925609845,22.367878548642032,35-39 years
China,2013,40.93716812799,41.54562951983382,41.218668701718826,41.87378863099122,41.33167129354474,41.759857457839004,41.40499018557787,41.68614601324777,41.45790026729327,41.63305393867654,41.50312737352855,41.587737672680475,41.52443475197454,41.566411276011564,40-44 years
China,2013,66.94549127586001,66.36508988373433,65.8943222497162,66.83701691514541,66.05715124802417,66.6732895582686,66.16274697829724,66.56731423194415,66.23892472991702,66.49096039333912,66.30402466522332,66.42577371569766,66.3346895831047,66.3950912147851,45-49 years
China,2014,5.3958492397999995,5.442367107220108,5.369310733659904,5.514669765104905,5.394802489429703,5.4897538762350795,5.411239167390436,5.473569398624609,5.423050783307481,5.46187612238295,5.433115031814748,5.451869025509878,5.437847286135676,5.447151224976873,25-29 years
China,2014,12.44419666416,12.25447762946793,12.116810047055514,12.391166097422396,12.164741373114671,12.343983437405424,12.195690588483235,12.313361610764918,12.217953064449409,12.291252660999161,12.236936444584066,12.272343278408615,12.245866544641004,12.26343215772078,30-34 years
China,2014,22.21554612007,22.62383447083851,22.4125825280648,22.837781108050446,22.48522467328904,22.763055558377722,22.532493300398926,22.71490040554517,22.566676522939726,22.680305514443003,22.59594676566768,22.650835243120746,22.609752445724602,22.636983299392575,35-39 years
China,2014,40.72529688331,41.054520758683616,40.72951648296778,41.382133065637085,40.841545525258425,41.268089155489484,40.91435026333149,41.19442570978454,40.96694837299534,41.14142843616731,41.01194882673442,41.09623358345886,41.03316157157597,41.07497658637056,40-44 years
China,2014,67.44661864162,66.72106497798339,66.24774598415216,67.19897394621273,66.41072177576854,67.03245480048248,66.51670922716781,66.924954240514,66.59331585021224,66.84764375709204,66.658880305915,66.78173686182785,66.68979357639654,66.75074472341706,45-49 years
China,2015,5.31811017794,5.288354388505713,5.2135211172468345,5.362206008414565,5.2396526230822,5.336820092331572,5.256503144954278,5.320300569853447,5.26860862518298,5.308351498964266,5.27891897889797,5.298117039322838,5.283765345015501,5.293289685057214,25-29 years
China,2015,12.16408762965,12.141946191310954,12.006213667265362,12.277763299145276,12.053256951484517,12.230653651467842,12.083713063918376,12.200170605946372,12.105663981180534,12.178207247036235,12.124411621972415,12.159452979620173,12.133239955173758,12.150624285780133,30-34 years
China,2015,21.99173575912,22.802406962966412,22.586393805555346,23.01996177384223,22.6609250113096,22.944239018268625,22.709322664436062,22.895334198375245,22.74427274734767,22.860148460753273,22.77416609864676,22.8301401814578,22.788255497642055,22.816024974878655,35-39 years
China,2015,40.45269373647,40.54294701881057,40.218858098235,40.86869719338856,40.33077569219846,40.75549323300536,40.40342513551414,40.682298744917105,40.45587023779208,40.6296008155021,40.50071253405904,40.58463507716028,40.52184254963665,40.56347783113179,40-44 years
China,2015,67.48885130417,66.87893546267328,66.40273201391949,67.3565621599693,66.56738532823971,67.19080546956351,66.67418768251291,67.08353725457663,66.75124691135824,67.00626209732118,66.81710730860968,66.94029570724626,66.84813256866903,66.90924829608868,45-49 years
China,2016,5.19982128671,5.241502595731353,5.167505567372268,5.314954672559476,5.193265058239831,5.289609990649183,5.209902367635412,5.27315602876468,5.221870848758195,5.261273961987397,5.232076420239786,5.251110089851929,5.236877264099752,5.246320046136914,25-29 years
China,2016,11.83407029751,12.166182211693192,12.031696823737205,12.302657868012277,12.077888607814282,12.25492878263956,12.107965360124101,12.224196413813289,12.129726364007979,12.202130668078723,12.148367105895964,12.183341797337953,12.157161628596933,12.174512978498502,30-34 years
China,2016,22.10181506949,23.1734905968686,22.95236821722997,23.3962479034605,23.028639488599477,23.318712084970535,23.07817986802225,23.26863434840494,23.113959851116025,23.23260486913554,23.144565472999147,23.20187763713087,23.158991190996932,23.187424558962206,35-39 years
China,2016,40.89931431575,40.6197127801803,40.28947914436221,40.949783393240914,40.40389769514507,40.83548497273503,40.47802407805655,40.761416361366344,40.531460235722506,40.708008066130496,40.577098403225975,40.66238241161861,40.5985877420367,40.64089849968062,40-44 years
China,2016,68.22590490485,67.58798352375327,67.10186155284032,68.07340606686215,67.27037646183055,67.90542165032979,67.37951990471294,67.79651530659473,67.45818261966963,67.71796455438238,67.52535410445893,67.65084602311723,67.5569787815503,67.61923738530524,45-49 years
China,2017,5.26630143292,5.3230955511324,5.24846123904377,5.398167796175558,5.274241374923613,5.37204775473874,5.29096796059784,5.355178011913623,5.303040824476992,5.343038890585764,5.313363231988557,5.332684061960009,5.318227535534598,5.327812798077537,25-29 years
China,2017,11.84381803637,12.312388538970799,12.175543938272465,12.45303644509359,12.222143728742058,12.403521726175905,12.252651460471608,12.371747850374362,12.274806109593113,12.349000074542529,12.293838546060556,12.329678852325884,12.30283423661025,12.320615134761429,30-34 years
China,2017,22.90577095555,23.803539702696394,23.576741814257375,24.034007464724553,23.654558309538828,23.953357561882818,23.70526452064512,23.90144162772363,23.74196793666633,23.86417571492109,23.773418869803848,23.83245153026573,23.78825993858514,23.81754679353016,35-39 years
China,2017,42.43254345622,41.69789366340896,41.35565861662948,42.04060310551674,41.47410554827577,41.92178782352798,41.550890559161516,41.84484831537944,41.60626911943428,41.789398168807985,41.65358424537034,41.74204718732036,41.67586874545424,41.719756611535765,40-44 years
China,2017,70.06677206081,69.29461476451664,68.80071777139132,69.79282508548482,68.97088083203732,69.61933366805266,69.08150082802183,69.50729105409906,69.16143573914218,69.42669405632009,69.22983538418956,69.35797205229096,69.26208141584202,69.32565211690358,45-49 years
China,2018,5.3017679615,5.37962146725299,5.299446308798236,5.461293051608101,5.326930450920934,5.432651242418492,5.344844542918245,5.414245273616126,5.357815825884664,5.4010457636829665,5.368934569139528,5.389816166590508,5.374182777919484,5.384542312625413,25-29 years
China,2018,11.77386735483,12.173470520309504,12.040609818312053,12.30780790525339,12.08634316631697,12.260932595254285,12.11608275145762,12.230707435566677,12.137580147227453,12.208984589708763,12.155981579186218,12.190473479131349,12.164659052398703,12.181770911041697,30-34 years
China,2018,23.56864854724,23.944695149074796,23.712382603042684,24.17705903823281,23.792853784103766,24.096544131583144,23.84499061130403,24.04439328525727,23.88257835443989,24.00679971547564,23.914684053717306,23.974690397925873,23.929802735110748,23.95957275332935,35-39 years
China,2018,43.71690240382,42.90425746324487,42.552252636227216,43.25854778360281,42.67370193802857,43.13533188268931,42.7525837324244,43.055698262726125,42.8095497756573,42.99838287943053,42.85827202058758,42.949490258712224,42.88123460408461,42.92648943391198,40-44 years
China,2018,70.24318838850999,70.09055757995806,69.59049176928038,70.59476054342497,69.76282637824741,70.41923295134832,69.87484038526735,70.30585480897284,69.95577352973191,70.22428689309332,70.02502105756116,70.15473023488461,70.05766487235624,70.12201573635318,45-49 years
China,2019,5.38260226898,5.402614767016874,5.309924167051098,5.498102649181734,5.34154623923684,5.46432016247268,5.362195945748956,5.44274889540786,5.377176183723377,5.427340552609337,5.3900403168251705,5.4142686505300235,5.396120453942102,5.408139917842235,25-29 years
China,2019,11.72671237763,11.925329182623013,11.778834706334223,12.06991166703793,11.830059319217627,12.02015053673413,11.86303851897971,11.987809426611522,11.886715615351198,11.96443123693944,11.906876427246024,11.944414913340397,11.916352271079603,11.934975134906404,30-34 years
China,2019,24.15450253559,23.98870308330013,23.737130501099465,24.237857011167737,23.82484958559294,24.15198742286303,23.881440713573387,24.096204713735094,23.9221219101575,24.055902744238185,23.956793005805846,24.021414913154537,23.97309731266443,24.005156731255596,35-39 years
China,2019,44.978435559859996,44.080600204117566,43.703382861675315,44.462906167377184,43.83303123363975,44.329325532232716,43.917420970320386,44.24326045353968,43.97846173691462,44.18144134671069,44.030737772380455,44.12878719513687,44.055396830281,44.104040380445,40-44 years
China,2019,69.76882225831,70.2630782628515,69.75930939048412,70.77088135119698,69.9329632518625,70.59411018484481,70.04581380970441,70.47993161703344,70.12734209771585,70.39778614554494,70.19709329190542,70.32773449929107,70.22997302914017,70.29478620247045,45-49 years
China,2020,5.4406005072,5.446702533324499,5.342917410938286,5.553772328993252,5.37831228550729,5.5158431947749005,5.401423910549019,5.491648005275279,5.418192115066672,5.47437596346875,5.432594281367808,5.459729142708251,5.439402493920033,5.452863757753778,25-29 years
China,2020,11.68447036828,11.81282715476187,11.65861942569559,11.964459621443515,11.712577346643105,11.912457336697834,11.747332249954342,11.878570796738051,11.772278549813326,11.854035070654685,11.793509945316996,11.833003242389413,11.803484827139123,11.823077820399723,30-34 years
China,2020,24.707772755969998,24.235601150582966,23.98200986100823,24.488392030488942,24.07008051676957,24.400931060215107,24.12703624167695,24.344244672891293,24.16805090911577,24.303356692501037,24.203054590361333,24.26841356453558,24.219529823744843,24.251955065239965,35-39 years
China,2020,46.18550242618,45.298672394055046,44.90178532273647,45.697094554624655,45.03893296908208,45.5587564447643,45.127928771421914,45.46925830598978,45.19215653282436,45.40479785917848,45.247060504745065,45.34977990275022,45.272927697905914,45.323888459154496,40-44 years
China,2020,69.34620788535,70.69160321271289,70.17226190113978,71.21043320188366,70.35219865508608,71.0308741696958,70.46879224851497,70.91446003379293,70.55284397729096,70.83049507422179,70.62462729163829,70.75875275208178,70.65842571399052,70.72496778107796,45-49 years
China,2021,5.68204245767,5.658187554648837,5.543876678167891,5.774865616267221,5.58305001950707,5.733859726707833,5.608576857993765,5.7075556103077645,5.6270619006048905,5.688710184334645,5.6429100128512415,5.672686964768277,5.650392147153958,5.665164556560304,25-29 years
China,2021,12.08845111899,12.176107693630637,12.017912015037213,12.332595288856634,12.073095410962267,12.278713778111731,12.108693666545946,12.243688941234732,12.13427947888706,12.218373142579281,12.156080927246572,12.196702386067777,12.166331812055608,12.186484469967198,30-34 years
China,2021,26.09847025885,25.26255965414667,25.00609253950818,25.52200701567746,25.09435289218228,25.43144428054546,25.151753057290755,25.3730627339392,25.193248966947145,25.331110716402375,25.228771997844365,25.295365803823078,25.245524422364976,25.278562396075102,35-39 years
China,2021,48.988353614610006,47.8819414519988,47.466741902730455,48.299260312361376,47.6101324341882,48.15422893817277,47.703205863472775,48.060460134140925,47.77039261709068,47.99295078235384,47.82783842334145,47.93534736294652,47.85490719528215,47.90824400738476,40-44 years
China,2021,71.52003241866001,73.60821367231544,73.06966336774784,74.14486445642723,73.25658177220515,73.95939707538793,73.37755785868768,73.83905745107447,73.46470290423622,73.75221128127697,73.53908590895915,73.6779718067498,73.57409615115654,73.6429997207732,45-49 years
China,2022,6.060704468330001,5.983549299215099,5.845110328311155,6.123689754704463,5.892695946215903,6.07478900763536,5.923677787008486,6.04324763593968,5.946087538150245,6.020577922867477,5.965277323217716,6.001261145048352,5.974329059672414,5.992181241686518,25-29 years
China,2022,12.98784132638,12.898988035412742,12.727596584400535,13.071264828070603,12.786789058792793,13.011381510171654,12.825209971367764,12.972673348627998,12.852943698252103,12.944807471352194,12.876655588733353,12.921031012018975,12.887828830501812,12.90984409750495,30-34 years
China,2022,28.280852075850003,26.680197958199596,26.402419553982305,26.965165846564084,26.496952984348503,26.86514622498845,26.558910280239576,26.800781560340642,26.603923463439816,26.754634998028244,26.642597368188834,26.715407900509405,26.660875758352454,26.69699917801558,35-39 years
China,2022,53.21449415559999,51.31279164170125,50.85614329461496,51.77756463780991,51.01237910752501,51.61510039977033,51.114439931976165,51.51033560809759,51.188417444332565,51.43509092629745,51.251861354542456,51.371029425149935,51.28181186346426,51.34093431931459,40-44 years
China,2022,76.32642157921,78.78352633044567,78.18018529810139,79.39169250049048,78.38760986512814,79.18053871239908,78.52279555804813,79.04376543520978,78.62058991942871,78.9452349558758,78.70431066710356,78.86115633010961,78.74378439654373,78.82160107557014,45-49 years
China,2023,5.9878306416300004,5.9878306416300004,5.79976918703963,6.1784908358482795,5.864418409720855,6.111832165196556,5.906486444336561,6.068910181642252,5.936911618753063,6.038088371014877,5.9629666889195585,6.011839292033966,5.975258654626055,5.999504795960783,25-29 years
China,2023,13.39623101738,13.396231017379998,13.201191414413714,13.595001674277547,13.26802225934509,13.525288776618774,13.311596307098585,13.48048580417403,13.343153749942838,13.448357254602934,13.370208016017038,13.421025435236428,13.382979073062822,13.408190072255634,30-34 years
China,2023,27.24285836547,27.24285836547,26.95633947120128,27.53172943837671,27.055088892156185,27.431161534955475,27.119270190976195,27.366206661110876,27.16564094065837,27.31947657046304,27.20531502298621,27.279627308124393,27.224017685855173,27.26088520745646,35-39 years
China,2023,52.14264746346,52.14264746346,51.662319037506094,52.62295620800274,51.82863737790015,52.456646275470696,51.936446944501874,52.34884829826468,52.01418715337593,52.27111463803226,52.08059424907439,52.20470903222865,52.111865954948044,52.17344158208991,40-44 years
China,2023,80.5407648021,80.5407648021,79.91379257962569,81.1698949212797,80.13037820247995,80.95163898782621,80.27098802482287,80.81032128959586,80.37248318043544,80.70849755958501,80.45924910986656,80.62157040006065,80.50012727585202,80.58065817766152,45-49 years
China,2024,NA,6.075744272551747,5.731356428713208,6.428365457192459,5.849630693165857,6.3036551583280005,5.926465651625193,6.224153132727279,5.982032435458227,6.167359935832445,6.0296494631143505,6.119145705139739,6.052134055197753,6.096530321157646,25-29 years
China,2024,NA,13.659399868212411,13.162792990810768,14.150067888871229,13.339158634388996,13.978026030923523,13.450796709412993,13.868487191954246,13.530300998246979,13.789994924291983,13.597728704128237,13.723058874094102,13.629377809607105,13.691538306270832,30-34 years
China,2024,NA,27.08750546223208,26.159972293568803,27.994818782569908,26.49299137755715,27.676678471692913,26.701948001903915,27.474787577347737,26.84995914893511,27.330157732120277,26.97504264574377,27.206720060484365,27.033639799675925,27.14853510984717,35-39 years
China,2024,NA,53.03174578584933,51.24515096354656,54.77715854994672,51.88818283372733,54.1644106223049,52.29074801917658,53.77624761028324,52.575538091060736,53.49834928925704,52.81603332271285,53.26120941582365,52.9286555169002,53.14942442430957,40-44 years
China,2024,NA,84.0839299341068,81.28142381169391,86.82003125276219,82.29157066882118,85.85853071758476,82.92315078354233,85.25027931322379,83.36960263678151,84.81502987690271,83.74642708887941,84.44366937697296,83.92284603825443,84.26861090885559,45-49 years
China,2025,NA,6.167742190196324,5.582751189433528,6.780558155466425,5.781961456521699,6.559452107206605,5.9117392080116,6.42073938051129,6.005868597910415,6.322528539382718,6.086776228610687,6.239643004266444,6.125077273960815,6.2009023245576875,25-29 years
China,2025,NA,13.923039303715848,12.941682744029878,14.90770282282116,13.290886131446056,14.55427843472875,13.510773533543556,14.334239297791903,13.666981475707901,14.17822531099902,13.799387254685353,14.045947028312842,13.861570700457062,13.983833056598938,30-34 years
China,2025,NA,27.127693674212672,25.25407347371078,29.004645388067534,25.923581988346815,28.329213892110133,26.343475174997565,27.910116155971888,26.641106865988583,27.61336551324895,26.893077883174968,27.361884885499475,27.011347343634032,27.243804029503632,35-39 years
China,2025,NA,54.16231924042662,50.43763635662285,57.89135635008758,51.769719793918,56.5489535197085,52.604614284584905,55.716560955912726,53.19613860322662,55.12727313517332,53.69675302731573,54.62788060400106,53.93168729183084,54.3933795584028,40-44 years
China,2025,NA,87.36559804367991,81.37099523106635,93.36900756726786,83.51510048624782,91.20667533366459,84.85873577076583,89.86661122982969,85.81062197539195,88.91816312099171,86.6161814289526,88.11450323614267,86.99421904068869,87.73714645276773,45-49 years
China,2026,NA,6.265842838295875,5.385313286447172,7.220729203513799,5.679809026369597,6.867634294982163,5.873478344491869,6.650135731647067,6.014927372885697,6.497823805446372,6.137223390996214,6.37027598128965,6.195364326007264,6.31095446021484,25-29 years
China,2026,NA,14.183657320969358,12.605604956065546,15.817906978119273,13.159193636782696,15.216561038750413,13.510359908390493,14.849364587340348,13.76112961173926,14.59187648914002,13.974668649744652,14.37518463154851,14.075306137346765,14.273893273951064,30-34 years
China,2026,NA,27.42053636037048,24.39671893335756,30.549154231812725,25.459995207216004,29.39643127577715,26.132989342013467,28.693772890144984,26.612981795777245,28.201404401942387,27.021431277021275,27.787154992787723,27.2138654762694,27.593522179981285,35-39 years
China,2026,NA,55.3547676130458,49.25314940292825,61.66176179132313,51.3994403286147,59.33914850962442,52.757960037329546,57.923094867156216,53.72670256678256,56.93058302099713,54.5508554759114,56.09533709548067,54.939072516002696,55.70484760951738,40-44 years
China,2026,NA,90.55451362752528,80.58019249543722,100.86509167870888,84.08917271574487,97.06742093270742,86.30989529853422,94.75250400471607,87.89335286607418,93.13012678890237,89.24043283060304,91.7648823225753,89.87496920664199,91.12662312312068,45-49 years
China,2027,NA,6.371932349172577,5.155166188190061,7.748172696706385,5.552186698374071,7.225399274167524,5.816912244273735,6.909609392739561,6.012123314364967,6.691143837759707,6.182210655955273,6.509827936018972,6.263508963054068,6.425990513598686,25-29 years
China,2027,NA,14.435799867059547,12.1743020611847,16.870677450310154,12.950708828043219,15.951683696003167,13.449484057250487,15.400765478531582,13.808717922236674,15.018813000959417,14.116729622802778,14.70001424504667,14.26259011252194,14.551783994192018,30-34 years
China,2027,NA,27.955609466143333,23.598715972780834,32.63791856918342,25.097668654715203,30.870489863502723,26.059109358135096,29.81168560952295,26.75082807768565,29.077703706780348,27.3434866308955,28.465006473842365,27.624029457927765,28.18007139517041,35-39 years
China,2027,NA,56.24238880955735,47.47438190396436,65.653744756835,50.492201307637536,62.10394062410957,52.42792504362069,59.976426620316644,53.82032370477644,58.501042303700444,55.0130071034826,57.26906377667383,55.577470034662106,56.69600830611144,40-44 years
China,2027,NA,93.36947408398142,78.81736545320295,108.98322424262012,83.82767366566816,103.09470412915071,87.04067202311235,99.56541307290026,89.35146887409532,97.1178038265344,91.33061008044291,95.07388350707572,92.26722411936738,94.12311166512848,45-49 years
China,2028,NA,6.488039328020809,4.902490545560975,8.368708914566811,5.404618432054909,7.633704787756061,5.745117543372499,7.198797120206846,5.9990987872636445,6.9018646557254915,6.222402706563477,6.657840180345306,6.329801687818286,6.545740527750919,25-29 years
China,2028,NA,14.681754521748388,11.664194182658717,18.079180454704524,12.672357275933562,16.762557894180986,13.330583526826933,15.987837938254565,13.80984639997433,15.457136329626737,14.224292314897003,15.018169275280037,14.421696478502653,14.815286670175258,30-34 years
China,2028,NA,28.60894351781653,22.766226065124208,35.170949654382376,24.72356317472749,32.62785826931007,25.999125225529582,31.132701945561433,26.926623324498788,30.108571185133904,27.72791570633194,29.261278515212936,28.109366632039922,28.86956467295857,35-39 years
China,2028,NA,56.306791083861754,44.82449935091178,69.19897815385644,48.6730374323228,64.20179637548898,51.180036049471106,61.26465970496838,53.00248750064595,59.253018054283835,54.57671042213431,57.58875306246677,55.326049281623945,56.819327841590074,40-44 years
China,2028,NA,95.0835330805308,75.7055387626233,116.84206020085188,82.2015145223217,108.40675769442414,86.4322862630546,103.44966982057841,89.50757773773749,100.05488614132783,92.16392376326556,97.24647635431708,93.42835301872887,95.94812127748378,45-49 years
China,2029,NA,6.616358951745891,4.634849656945871,9.092014809676833,5.2411761629667835,8.095370462583514,5.660292071795653,7.518396641999552,5.976974340562287,7.129983053955019,6.2582275086767964,6.814154073505777,6.394428571552225,6.670094644855399,25-29 years
China,2029,NA,14.950443108628766,11.105056341815265,19.498987120258136,12.34906492479223,17.687718528283977,13.176954460162378,16.642037723398957,13.787491852773341,15.934694232770319,14.320674493009859,15.355271786170283,14.576311303038157,15.089225439671155,30-34 years
China,2029,NA,29.279354004098263,21.822065888448687,38.06666234714033,24.24529891513605,34.566998809093825,25.85306552336509,32.54933091646134,27.03617211044858,31.184717187686932,28.067816897422986,30.06651544055121,28.56201124670415,29.552858756622168,35-39 years
China,2029,NA,56.20665549407636,41.91452876861531,73.05475647310337,46.56007867488672,66.34084179676391,49.64086907331032,62.4721761919961,51.90757540910723,59.856528178416795,53.88406157583571,57.713629730615594,54.83088986090762,56.72937231064001,40-44 years
China,2029,NA,97.05516099624573,72.38297411255701,126.14180521242353,80.40266318320545,114.54977789824524,85.72084630438124,107.87087179690795,89.63366272400533,103.35541827661386,93.04548945413472,99.65619493631493,94.67991588258629,97.95712519381749,45-49 years
China,2030,NA,6.759284472904143,4.3582881690701365,9.93092282175036,5.0651610717960525,8.614472748954807,5.564188444176561,7.869733412847463,5.946609525250694,7.3758318966735,6.289992051989278,6.978762020883591,6.457519350575168,6.799019757050336,25-29 years
China,2030,NA,15.246905268884962,10.511122103908237,21.154701639704193,11.988357371810457,18.735213094981766,12.992561021639167,17.366084172570325,13.743631744925786,16.452247330249794,14.406649685521279,15.711405755482591,14.726826254647603,15.373638283941002,30-34 years
China,2030,NA,29.98226785513962,20.800832910285575,41.364964503489944,23.685737712680535,36.7035454442216,25.63733573873053,34.07056750702377,27.092015191823293,32.3133300977544,28.3730955719458,30.887868317965843,28.99088311511033,30.23748725993043,35-39 years
China,2030,NA,56.55011193367908,39.25409792794387,78.00512838799384,44.68948977594938,69.21378180988505,48.365036215517975,64.25055663257304,51.104468326118024,60.939236055489246,53.5170630735393,58.25371840304777,54.680574743503634,57.02857992533065,40-44 years
China,2030,NA,99.58265310695036,69.1258170685575,137.36207173375152,78.69683972883628,121.88190135682196,85.1693463651286,113.14249986126053,89.99343212534946,107.31173723024281,94.2419300419251,102.58284449398697,96.29081538549694,100.42548743856395,45-49 years
China,2031,NA,6.919449141911869,4.077781631304795,10.901387657871872,4.879381103714208,9.196144303754734,5.458293587569224,8.25459302723398,5.908713016015125,7.639965754182236,6.317932919886418,7.151747802254111,6.519169887074944,6.9325270856786005,25-29 years
China,2031,NA,15.576643211683189,9.895148728648063,23.076457328320235,11.597282037311741,19.914755438482302,12.781169486759497,18.163296091741945,13.680135089430582,17.010776606865807,14.482924930580241,16.086708950001213,14.873585366802017,15.668570855176199,30-34 years
China,2031,NA,30.715579745715786,19.71776687560825,45.09447709423879,23.04914339766031,39.03712539159436,25.34989443030678,35.68807662669846,27.088300620394126,33.48375210193253,28.63531904672395,31.714380788193072,29.38660035082247,30.91279335222985,35-39 years
China,2031,NA,57.48309810425989,36.91502979109364,84.38035420299995,43.146451846705325,73.04625718967945,47.44887627097015,66.781387332897907,50.69941824230839,62.658593786999255,53.592068488880976,59.34967039463089,54.9968506129833,57.850700255898694,40-44 years
China,2031,NA,102.3496923973173,65.72036430821623,150.2392668398795,76.81779829131303,130.06279977559868,84.48076300256464,118.90895081766543,90.27026425239825,111.56803427190911,95.42215000950894,105.67578600697496,97.92401974491136,103.00641088029667,45-49 years
China,2032,NA,7.0997791367912315,3.7974610998673426,12.02275536002045,4.686284015892106,9.846529617628132,5.34391562669205,8.675151511537372,5.8638968710256405,7.923107939120518,6.342241851715897,7.333258264560473,6.579453970317674,7.070657033518022,25-29 years
China,2032,NA,15.94571243137347,9.268202735877658,25.300967882919977,11.182200910214094,21.238079985009506,12.546197772931158,19.037769783015467,13.598665792498247,17.6115830101504,14.550093040693524,16.481418341608833,15.016860562432683,15.97409808373634,30-34 years
China,2032,NA,31.469424064794868,18.582187071991097,49.28186749252067,22.333317746829756,41.559286217329955,24.98138664231483,37.38417214440941,27.011173162734142,34.67579595603383,28.83748827475325,32.52573474658256,29.730971492359792,31.558910187466182,35-39 years
China,2032,NA,58.99491129802895,34.84405977520082,92.36547000110465,41.87604940077745,77.89861549064504,46.83918273847158,70.07725834445155,50.64296345587717,65.00344304690938,54.06510702015143,60.97540432447889,55.73921726694324,59.16403884437104,40-44 years
China,2032,NA,104.68292624149827,61.819068338574084,163.88715757950993,74.30088178939914,138.2273958471566,83.11113844689389,124.35192940716416,89.86317813468986,115.34937311867888,95.93739117044964,108.2015352233758,98.90873623446727,104.98699794270429,45-49 years
China,2033,NA,7.303559129334443,3.520746897110688,13.318225300418499,4.488029685951381,10.572816676387593,5.2222309564973415,9.133949130111061,5.812706436424928,8.22612397337908,6.363080144326999,7.52348819986746,6.638430128133365,7.21347110574368,25-29 years
China,2033,NA,16.360842543629563,8.639723442293048,27.872508450817197,10.748805919169307,22.719104768180358,12.290731702068054,19.994406772254433,13.500699975148146,18.256291309794758,14.608647259991619,16.89587384859563,15.156863871371279,16.290330496439072,30-34 years
China,2033,NA,32.25087027464588,17.41134286350904,53.99180582035237,21.54668346741503,44.28631750055406,24.534496216058585,39.161176736172315,26.859822154985896,35.886935100758315,28.976576413552195,33.31773484498694,30.020254313399203,32.17147856021405,35-39 years
China,2033,NA,60.83669053935542,32.86262038371296,101.79628833183995,40.662799585040474,83.51373443454516,46.296718482201854,73.85928156770139,50.680344299870406,67.69100330610335,54.67002314975606,62.85047203276379,56.63692628358524,60.69067425584742,40-44 years
China,2033,NA,105.60534429505508,57.058399906179496,176.68307104894717,70.59702325304607,144.95607289117848,80.37459712497008,128.20303668716318,87.98182172598099,117.49966669929125,94.90513998696252,109.1002632845659,98.31825223147565,105.3525117168541,45-49 years
China,2034,NA,7.534513003548833,3.2504413380363664,14.815476588773878,4.286533670348706,11.38331505877426,5.09431193398449,9.633886987758686,5.7556382159879025,8.550008172046123,6.380587444991236,7.722671597263509,6.696145855181794,7.361047176786602,25-29 years
China,2034,NA,16.829588047288304,8.01764934979682,30.844100369088878,10.30217872455656,24.37409334631969,12.01757121477156,21.038918412542433,13.387561502001931,18.946834107091465,14.65900356208348,17.330510334132736,15.293762241162815,16.617413398668283,30-34 years
China,2034,NA,33.1265840849896,16.24421067079664,59.40962014052493,20.72999283308367,47.324538613434605,24.051691624735216,41.09746038260851,26.678926420487574,37.18228232832672,29.100196452668126,34.14742515181462,30.303884869269062,32.804564202259314,35-39 years
China,2034,NA,62.8044117472887,30.841639354079966,112.5112576333351,39.34494557182947,89.6596528501489,45.63732328145999,77.88584871871676,50.61164573702856,70.48253823580676,55.194287171900584,64.74290379561273,57.47193769662983,62.20284643514718,40-44 years
China,2034,NA,106.33529282252024,52.23957210458747,190.4809835369224,66.6323928574181,151.78859696113776,77.28094279392273,131.8574219111089,85.69852745177302,119.32654352853763,93.45334248576225,109.6124971734245,97.30768035448455,105.31378827514186,45-49 years
China,2035,NA,7.796903147258042,2.9888012581823498,16.547462289232044,4.083495966076428,12.287568930965973,4.961144222553153,10.178237496492194,5.693151199961196,8.895877536167047,6.394887454235508,7.931076324533332,6.752640389763986,7.513476525788655,25-29 years
China,2035,NA,17.360514241157333,7.408553549280907,34.27898912574215,9.846850662903414,26.221862772433326,11.729273474282987,22.177840001835413,13.260453741506058,19.68543711745701,14.701519461324397,17.78584811283725,15.427689173043028,16.95552383150124,30-34 years
China,2035,NA,34.1121585398342,15.091331693931856,65.65099818391506,19.88959815681897,50.71089959954934,23.53594469087288,43.207125285453394,26.4694369452192,38.56731665806711,29.208315718780128,35.01641406417855,30.581731805175195,33.45878879376945,35-39 years
China,2035,NA,64.93894484013728,28.817509849144436,124.70678371581695,37.952682728602134,96.4042095458291,44.885353407874234,82.19056063133392,50.457183697955884,73.3999992078126,55.655592661896364,66.67025086238807,58.26118575366553,63.717313588262904,40-44 years
China,2035,NA,108.02837526228879,47.95815429179093,207.4545744010584,63.15052656295348,160.36044325999,74.67790209915172,136.71526407764222,83.94222406518756,122.0941313846043,92.5858684654047,110.9019938690942,96.91844758180501,105.99133528408386,45-49 years
China,2036,NA,8.095652825829756,2.73759975308666,18.5533915320244,3.8804217041566567,13.296500939889366,4.823638223073505,10.770664527620683,5.625674370574026,9.264970141132865,6.406091799480803,8.149000816527751,6.807946619610709,7.670861889415655,25-29 years
China,2036,NA,17.96342613217761,6.8177752960771665,38.25247449548246,9.386853887825538,28.284049530531785,11.42818683833359,23.418561193679302,13.120484082939432,20.474610496881265,14.73650817671169,18.262484901504173,15.558753111244433,17.304867280729137,30-34 years
China,2036,NA,35.225331815559365,13.962569520923676,72.85060904261037,19.032219804006207,54.48602785695743,22.99077323836698,45.50494494724369,26.232745983745872,40.047509329896954,29.301149660617746,35.92622398475066,30.853808083666273,34.134739388700616,35-39 years
China,2036,NA,67.24487056630782,26.80339379388162,138.53870642364114,36.489828760155454,103.76627441792816,44.03570960704473,86.76064198628673,50.205101724413034,76.42213056150844,56.03684056201585,68.60983602427851,58.98549419205005,65.21201594292444,40-44 years
China,2036,NA,110.99594874737483,44.253136411788255,228.6755957722036,60.23988125957153,171.27175359453844,72.69228661016427,143.2017480257676,82.87288331161155,126.13828467653497,92.49637186146964,113.24511325150371,97.3622886474803,107.63765995531607,45-49 years
China,2037,NA,8.436497537425678,2.498181544578705,20.87993152888813,3.678637268469758,14.422586688272634,4.6826369537222945,11.415251227135306,5.553611843452756,9.658646546803446,6.414302762618766,8.376772019390907,6.862092436413338,7.833316139769153,25-29 years
China,2037,NA,18.64965079653594,6.24954546618508,42.85415713921941,8.925763870659301,30.58543789469577,11.116476409934773,24.769372911667535,12.968682065050384,21.317146425038636,14.764249003175058,18.761089738888106,15.68704340198775,17.66567479036514,30-34 years
China,2037,NA,36.48645532211815,12.86660316641481,81.16673892803016,18.164477389100856,58.69535269729228,22.41989738432094,48.00680556490931,25.970457084339454,41.62853060527374,29.379034287439424,36.87836473480073,31.120192161804795,34.8329883185492,35-39 years
China,2037,NA,69.71049648201543,24.806486388946688,154.15218538348256,34.952128326552284,111.73746886417321,43.07247984630094,91.5567931693832,49.83013521157956,79.50372385297312,56.304968557416,70.517761414891865,59.60843267277804,66.64501442864578,40-44 years
China,2037,NA,115.26360244612047,41.020220869349025,254.8633462974808,57.796816470897575,184.7454458851113,71.22364233600086,151.38278374656377,82.39681422594066,131.45627326260995,93.10205096297439,116.60013870629928,98.56377354269684,110.19739399714524,45-49 years
China,2038,NA,8.826173066460221,2.2715140402906995,23.582672527902638,3.4793037509357916,15.680061602216693,4.538921720154493,12.116534557191327,5.477346481838314,10.078393412505104,6.41961525605695,8.614744166065107,6.915101726005494,8.00096136707903,25-29 years
China,2038,NA,19.432386915150364,5.707105960724215,48.19068171432256,8.46673529183246,33.15435500232252,10.796143120779735,26.239529784447246,12.806012636891483,22.21612211652133,14.784994899221383,19.282398694206982,15.812634557994254,18.038200622580806,30-34 years
China,2038,NA,37.91908134565907,11.810720095626062,90.78640947202142,17.29263936711303,63.390111733638854,21.827051257161095,50.730027007945125,25.684261253970234,43.3163817169864,29.44236006706381,37.87437950981505,31.38098883158874,35.55410847842447,35-39 years
China,2038,NA,72.36263731653358,22.84580680061495,171.8052022985491,33.353596339134604,120.36950171865658,42.00215764744332,96.58476445360208,49.33243949224599,82.63790449199517,56.45504085626867,72.38423355378738,60.12305354846827,68.00678986986141,40-44 years
China,2038,NA,120.39509275610808,38.02091474412075,285.7822286584605,55.50583567993001,200.24409067793175,69.89557932102439,160.68769984217448,82.09087004612827,137.49138962387389,93.9397997030234,120.43665351965747,100.04150229007023,113.15543874298942,45-49 years
China,2039,NA,9.272650353966952,2.0582349998671865,26.727910648912143,3.283428823595135,17.08516347958538,4.3932163772330535,12.879546227319068,5.397242489866177,10.525828848093532,6.422118287282661,8.863298129295398,6.966995108919789,8.173928235913124,25-29 years
China,2039,NA,20.32713944990248,5.192823328848925,54.38907734979103,8.012533287352904,36.023138631973836,10.469038146764692,27.83932733306359,12.633385871636376,23.174907384340028,14.798978087426619,19.82721203758647,15.935589356440325,18.42272043045104,30-34 years
China,2039,NA,39.55069579053244,10.800771975765494,101.93131332842485,16.42249185373857,68.62835449987651,21.215878271748792,53.69362628881668,25.375869241272675,45.11748573330286,29.491537397759174,38.91587405663081,31.63630970664309,36.29868413117239,35-39 years
China,2039,NA,75.36632580007132,20.968063334955563,192.14412409714313,31.758020523209332,129.95727397479675,40.89946539022192,102.03670513350261,48.79599859776288,85.97298045642536,56.581064931998114,74.33236854362649,60.62914240735169,69.41134974079318,40-44 years
China,2039,NA,126.02805293881444,35.092277936309976,321.1487822731763,53.14065228842008,217.2538124591238,68.42750517626996,170.60518368724206,81.6298534733956,143.76425705321873,94.64378513665753,124.31205716146414,101.41008570506077,116.08807168371952,45-49 years
China,2040,NA,9.785430503990444,1.8586971500372862,30.394817412827145,3.0918776477325354,18.656415229573696,4.246190679917167,13.709860045913395,5.313647304866488,11.002709229183953,6.421896064476226,9.122841193547208,7.017790504705821,8.352355532849483,25-29 years
China,2040,NA,21.352263040579686,4.708296633067359,61.60082171354689,7.565561540152452,39.228685828386475,10.136874040433105,29.580193645777285,12.451664127413897,24.19717606794639,14.806414238460844,20.3963925668261,16.055961127754482,18.819529862207652,30-34 years
China,2040,NA,41.413632710366656,9.84122090279052,114.86486170855613,15.559275131384206,74.47601263090324,20.58987278149727,56.91855785436907,25.046974282009522,47.038755847415,29.52697866434019,40.00453548461818,31.88626359646637,37.06731810921053,35-39 years
China,2040,NA,78.77881965167371,19.178875821331324,215.63568242390423,30.171976205890854,140.62203373638548,39.76813471566898,107.95334839978044,48.22193591866755,89.52346774795369,56.68268477034064,76.36615224755656,61.126264915524615,70.86017815113912,40-44 years
China,2040,NA,132.27854532229318,32.26569413597265,361.70574766112276,50.73880667074707,235.98038590192905,66.85480384094049,181.2213596828836,81.04596439627427,150.3237667664276,95.2439595957153,128.26109518696308,102.69913181689921,119.02691567954919,45-49 years
China,2041,NA,10.375917539259948,1.6730098179287423,34.67808151509152,2.905383174060793,20.4149534743423,4.098463041652657,14.613645971082828,5.2268929983397054,11.510937322766434,6.419028843666496,9.393807143114334,7.067503568604386,8.536389852219985,25-29 years
China,2041,NA,22.52964519055339,4.254459348124517,70.00678573284883,7.12788824230609,42.81309281629482,9.801233583728834,31.474795772488676,12.261667370454449,25.286920844108,14.80750563655309,20.990864844706454,16.173795474640308,19.22894351342683,30-34 years
China,2041,NA,43.54622046086238,8.935235949623271,129.90065000949218,14.707659895943944,81.00808522592902,19.9523481890025,60.427950971319284,24.69923174514641,49.08765188369479,29.54908920439653,41.14214482111734,32.13095198459448,37.860636489791794,35-39 years
China,2041,NA,82.66766554325004,17.482919571330076,242.83083240379975,28.602221139404957,152.49953240597358,38.61247265360559,114.37844036097552,47.611913761782226,93.30436533657083,56.75986076794735,78.4895330211105,61.61416830346536,72.3547296906884,40-44 years
China,2041,NA,139.19675077279854,29.546927492733445,408.10187825909816,48.30298442982688,256.51051561988874,65.16951435367291,192.51898443244008,80.32022314077577,157.12945455979366,95.71105922125109,132.24072677358507,103.87478482967828,121.93090626225012,45-49 years
China,2042,NA,11.057892319649275,1.5010775378000707,39.69112891668238,2.7245560295810094,22.384909891576743,3.9506029083651963,15.597731327406514,5.137297327209732,12.052571644247616,6.41359358572076,9.676656597946259,7.11614803373732,8.726185383996384,25-29 years
China,2042,NA,23.8855703684566,3.8316749615325416,79.82325377191229,6.70127059303963,46.82439908749866,9.463577071455308,33.53716150439938,12.064177169116153,26.448471110313484,14.802443603182331,21.611615159884796,16.28913158279502,19.651294155157842,30-34 years
China,2042,NA,45.994225795344576,8.084816521221509,147.41268970650535,13.871747463940965,88.30997900224737,19.306420487542898,64.24735695840562,24.334248272556717,51.272231424038964,29.558263107093477,42.33058587568855,32.37046716673695,38.679291601732906,35-39 years
China,2042,NA,87.11313489842067,15.883647156976059,274.3826640124591,27.05532178464554,165.74271762365038,37.43706796027742,121.35941723230847,46.96793751602798,97.331388135775,56.81276445261501,80.70649401561352,62.09271820005382,73.89645154657237,40-44 years
China,2042,NA,146.80509824281978,26.936240140920486,460.96936135863643,45.82627890312185,278.8596701649367,63.34881285847839,204.4184965296382,79.41317396928065,164.08955944914277,95.98915249245883,136.16613208852596,104.873129192491,124.7214015304654,45-49 years
China,2043,NA,11.848118923219149,1.3426355573009372,45.570052695561614,2.5498940908124537,24.593853504584953,3.8031328859673437,16.66966981208134,5.0451645334275605,12.629837016988667,6.4056644708135515,9.971877550517751,7.1637359820202136,8.921903778925566,25-29 years
China,2043,NA,25.451819756863475,3.4398259231380077,91.30926058099602,6.2871782383814265,51.31745120886935,9.125248523664832,35.78281758165861,11.85993972078131,27.686513762525806,14.791410372996795,22.259692072388255,16.402003233746427,20.08693217992607,30-34 years
China,2043,NA,48.8126840399118,7.290928119305761,167.84782046025154,13.055084704626777,96.47904010222125,18.655000978606818,68.4050149635042,23.95357627728059,53.60119942999902,29.554881622590287,43.57185199036653,32.60489176317127,39.523963964784556,35-39 years
China,2043,NA,92.21130031367542,14.383192426642387,311.06775982007343,25.53741907512658,180.5246282776667,36.24659303472252,128.94803672267372,46.29222213385787,101.62115175221554,56.841706691734515,83.02110294521934,62.561855099068836,75.48679725519276,40-44 years
China,2043,NA,155.21416832491224,24.44761930763338,521.2865859480997,43.32684251347315,303.18592782774255,61.40412440378494,216.93591044197234,78.32706652924423,171.18875127381403,96.07105860576485,140.01730545546633,105.6826056142971,127.3800083798815,45-49 years
China,2044,NA,12.767125582696643,1.1972821850697213,52.47841560232768,2.3817917848219308,27.073303631044915,3.6565307133291514,17.83781905762398,4.9507859613072025,13.245136340734566,6.3953133043881865,10.279986071381876,7.210278060409506,9.12371407322308,25-29 years
China,2044,NA,27.267079896957128,3.078395643079404,104.77554391432727,5.8868158802992445,56.35490487721998,8.78748117484549,38.22894571207944,11.649668171139353,29.00611678921597,14.774580559628449,22.936207441289717,16.512439596609674,20.536225220038073,30-34 years
China,2044,NA,52.06823291250338,6.553641394430479,191.74080506815642,12.260688107307702,105.62631536976437,18.000794551181304,72.93214284980726,23.558711460191002,56.08395877599384,29.539312953570825,44.868051641393514,32.834298918119984,40.39536356171429,35-39 years
China,2044,NA,98.07794865164838,12.982388430180512,353.81190805172923,24.054087691705504,197.04160436079798,35.04567046372511,137.20100586295933,45.58710125941576,106.19133214869578,56.84708990213535,85.43755031054681,63.021565957297916,77.1272377465597,40-44 years
China,2044,NA,164.8484604485846,22.124172774481067,591.2405477775268,40.88704589277917,330.26001799189424,59.446570055878695,230.50468150580357,77.19745399633659,178.73252818214343,96.11826480255083,144.0312241341647,106.4795373716064,130.1197751645639,45-49 years
China,2045,NA,13.840217138895662,1.064507958903354,60.613127489703224,2.220549124599494,29.859324935468372,3.511231141850696,19.111427659391808,4.854440542551393,13.901063601773362,6.382609839391552,10.6015271607369,7.255783654617059,9.331792659974122,25-29 years
China,2045,NA,29.37875885113294,2.7465433328703543,120.5954832431234,5.501145164502192,62.008387141570246,8.451402481705452,40.8945581070285,11.434044413636649,30.41275568036094,14.752122310451277,23.64233785937616,16.620465853117732,20.999557902799502,30-34 years
China,2045,NA,55.8421076313557,5.8722685812603705,219.73272382546116,11.491073484800719,115.87858431291791,17.34630140106033,77.86325871543531,23.15109201068389,58.73066326443231,29.511912745339654,46.221413483247574,33.05875281679386,41.294230702781384,35-39 years
China,2045,NA,104.85358691967822,11.680854544097613,403.72123063383987,22.610258329724118,215.5169069782127,33.838783088682455,146.1806302043918,44.85496473993936,111.06081143754264,56.829376085445276,87.96017998368791,63.47186570305554,78.81927044936963,40-44 years
China,2045,NA,175.92990065731505,19.962896679117133,672.5752384315987,38.511859657631625,360.43985429496814,57.48056950381829,245.22779831107886,76.02600270808793,186.75357143484493,96.13023878709947,148.21598017339352,107.26320934233034,132.9435758178494,45-49 years
China,2046,NA,15.098796591668012,0.9437216594772017,70.21164873253781,2.0663804652982165,32.99321804783575,3.3676277617244215,20.500732721698952,4.756395185455121,14.600418178627034,6.367622033148631,10.93707573004039,7.300261029300437,9.546323297702628,25-29 years
China,2046,NA,31.845343499533154,2.44317160044716,139.21848405692222,5.130905879609453,68.35984463095771,8.118038816412483,43.80069456184797,11.213720506298174,31.912342710384415,14.724198222546464,24.379326439664737,16.726103695033608,21.477331715165672,30-34 years
China,2046,NA,60.2340099519119,5.245493478869392,252.59342868401308,10.748289045339105,127.38070823516976,16.693820925660432,83.23653817635041,22.732098728984393,61.5522742076268,29.473024894816945,47.634291197097696,33.278309322810685,42.22133664870158,35-39 years
China,2046,NA,112.70988502540614,10.4771234428865,462.12000445655974,21.210182908985146,236.2048428102548,32.630213826733474,155.95550272184548,44.098215178993364,116.24981683457732,56.78906523560904,90.59351435783576,63.91278508133335,80.56442667624624,40-44 years
China,2046,NA,188.72860386565182,17.96007890544254,767.3697358355473,36.20615873755767,394.130546724467,55.51098796337332,261.2174291588582,74.81491727327374,195.28627432653266,96.10678462413902,152.57976838200193,108.03309042840333,135.8542696446546,45-49 years
China,2047,NA,16.582102113755166,0.8342732408334433,81.56083193746176,1.9194229574226667,36.5223215712094,3.226074800399556,22.01706913146988,4.656905095250538,15.34622051472182,6.350416252710785,11.287237702463939,7.343717441529181,9.767497148897057,25-29 years
China,2047,NA,34.73948016933653,2.166986830716065,161.18637836628704,4.776636453431985,75.50310818368771,7.788319958998011,46.97064344034297,10.989319807139779,33.51125920316574,14.690966073354716,25.1484849134082,16.829371722560417,21.96996495640194,30-34 years
China,2047,NA,65.36713973675865,4.6714925273628465,291.2489979622971,10.033950310532536,140.29834992897514,16.04545702836563,89.09421254595455,22.30305563632148,64.56062138623713,29.422982470057104,49.10916836622709,33.49301663279115,43.177484097119084,35-39 years
China,2047,NA,121.85802110881379,9.36878838662055,530.5967391449344,19.857429311253046,259.39549363385726,31.424006203097495,166.6012477216948,43.319237466821725,121.78005776002855,56.72668063286124,93.34227563496242,64.34436259431186,82.36427755109436,40-44 years
China,2047,NA,203.57559998081177,16.11120896594308,878.1088251085221,33.97446218629275,431.7919722659712,53.54289954378792,278.5962663618063,73.56678094533015,204.3670684375466,96.0479629604453,157.13096975181455,108.78879041047284,138.85473290519738,45-49 years
China,2048,NA,18.339506348343413,0.7354737911234015,95.00779083449342,1.7797446688558767,40.500944072185355,3.086888908579561,23.672991937379713,4.556214045705855,16.1417292451849,6.331057439256854,11.65265122444385,7.386159232746162,9.99551284295747,25-29 years
China,2048,NA,38.15202869380755,1.916552497686778,187.15355088433463,4.43869370560204,83.54570960397604,7.463083464758121,50.430189276580144,10.761437903476091,35.21639092916654,14.652579406116313,25.951196010333575,16.93028576502444,22.477892762019444,30-34 years
China,2048,NA,71.39478329632614,4.148045503983678,336.8153580892312,9.349275821563417,154.82112586860654,15.403124359213427,95.48301331040491,21.865230829276072,67.76846904450586,29.362108629063247,50.648663515764284,33.70291589665185,44.16350759819756,35-39 years
China,2048,NA,132.5595633053799,8.35265771287881,611.0604364330005,18.554896447996374,285.42016252101627,30.223939536052928,178.20133359646502,42.52037728895667,127.6748648182367,56.64275877445175,96.21140442575489,64.7666391300925,84.22043876206448,40-44 years
China,2048,NA,220.8793558503807,14.410987494015805,1007.7687937056857,31.82076461562592,473.9473505811425,51.58141203026072,297.49892009170173,72.28443254849564,214.0347161826243,95.95402678550964,161.87821038578903,109.5300223377971,141.94787570275162,45-49 years
China,2049,NA,20.433582055895638,0.6466126729882946,110.97328126541107,1.6473523474338139,44.99144790842143,2.9503509419145626,25.482413398921548,4.454554617047993,16.990459879479257,6.309609239709312,12.033987983087801,7.4275919032480235,10.230576559195743,25-29 years
China,2049,NA,42.19743552817899,1.690335656041095,217.9116741594226,4.117271803283757,92.61099252484507,7.143078955383921,54.207890090782946,10.530643391541547,37.035166821557894,14.609188000561913,26.7889160998274,17.028859139847313,23.001567185570963,30-34 years
China,2049,NA,78.50900060127357,3.6726350619093684,390.6395213117235,8.695122875208321,171.16626313573468,14.768555191938008,102.45466875183266,21.419837444584527,71.1895875086074,29.290717481610944,52.25553540174498,33.908041780248304,45.1802739393621,35-39 years
China,2049,NA,145.14075593481508,7.424907740343027,705.8094114498115,17.304843207458877,314.6576633759207,29.0335146329824,190.84796774695923,41.703925928975394,133.95933355844937,56.5378424625279,99.20607653583349,65.17965437863799,86.13457439746814,40-44 years
China,2049,NA,241.14738568071678,12.85339871992034,1159.921994485637,29.748435327921694,521.1930520438697,49.63153905275304,318.07340698002423,70.97087313188493,224.33059150598316,95.82537236189535,166.83040884978013,110.25657328814114,145.13665358527223,45-49 years
China,2050,NA,22.94421973374395,0.5669720214591455,129.9681997305813,1.5221987981742018,50.065510590086,2.8167077415469164,27.460756477624187,4.352148411561681,17.896205155795336,6.286134111965436,12.431954626130988,7.468020172359129,10.472902126424689,25-29 years
China,2050,NA,47.02090686795364,1.486746945358875,254.42015375645988,3.8124203637094034,102.84056671039065,6.8289723631505614,58.33538793897623,10.29747854889691,38.975601232819585,14.560938252196324,27.663178078214308,17.125102862019315,23.54145732768952,30-34 years
China,2050,NA,86.95216182739487,3.2425348485733774,454.35024194273353,8.072022731956292,189.58284558023914,14.14330674070769,110.06645917489882,20.96803466432843,74.83883098769279,29.209114868919645,53.9326886028309,34.10842296238063,46.22868252301231,35-39 years
China,2050,NA,160.01140642301164,6.581228279986362,817.6156272422363,16.10892666671063,347.5415994910363,27.85594711476379,204.64308712144808,40.872109536373195,140.66047536665877,56.41247605958898,102.33171858544564,65.5834444466719,88.10840007789078,40-44 years
China,2050,NA,265.01471486756833,11.43181972048096,1338.8645863658255,27.760166821148076,574.2098767954736,47.69810802460206,340.4827662130147,69.62919541413083,235.2989601071681,95.66250245829698,171.996817308428,110.96828262219348,148.42407704819638,45-49 years
Global,1990,5.88058226621,5.773042133591804,5.734553845189756,5.811713795873254,5.747840173073449,5.798285628190798,5.756469079492589,5.789596463139577,5.762699422022888,5.783338138958515,5.768026921557672,5.777996983397361,5.770537261205135,5.775483605178294,25-29 years
Global,1990,15.68748073457,15.89135877724495,15.796083064096525,15.986959419616605,15.828999438852271,15.953791685558356,15.850366634156659,15.932317769243358,15.865789138063473,15.916845702129855,15.878973184276727,15.903637397106788,15.885184460364385,15.897420865147309,30-34 years
Global,1990,31.23280916114,31.19540887050833,31.021841900307635,31.369313210416774,31.081857388387867,31.30903653808401,31.12079632190628,31.269987031685307,31.14889189038119,31.24184012213604,31.17290273164741,31.217803951874604,31.18421260343199,31.20648900485366,35-39 years
Global,1990,59.92880334675001,59.93108029875479,59.618164180426284,60.24499840800944,59.72627837628359,60.13610929553497,59.79645894413669,60.0655994993675,59.847113177158114,60.0147923067271,59.89041425195548,59.97141634194699,59.910813811063385,59.95100059587893,40-44 years
Global,1990,85.36521622517,85.32505778735892,84.8092968390159,85.84262147983928,84.98745356488507,85.66307107743113,85.1031206107833,85.54681144515912,85.18661410686289,85.46304252735283,85.25799244161469,85.39152926106948,85.29162113164207,85.35787151394375,45-49 years
Global,1991,5.99261886825,5.783848341997092,5.749547479401106,5.818418917382306,5.761371252308848,5.806386491697885,5.769055452894558,5.79861362947685,5.774606895015851,5.793021034651184,5.7793563598959805,5.788251568788439,5.781595131685365,5.7860081905887775,25-29 years
Global,1991,15.93097078491,16.057892047089858,15.97299281868731,16.14323144296098,16.00230875465337,16.113574750856248,16.021339965101927,16.09439901788853,16.03507897402827,16.080592963689828,16.046826595885666,16.068812698164542,16.05236212915527,16.063269784712034,30-34 years
Global,1991,31.45761464107,31.475788924340957,31.32030671738314,31.631674278368653,31.374074922060593,31.577593889194407,31.408949596272578,31.542587007035674,31.434110705226754,31.51736454642024,31.455614066013876,31.495831116285984,31.46574321527573,31.485695564727052,35-39 years
Global,1991,60.607106239900006,60.628671447917235,60.34168174766343,60.91706582700069,60.44077334172408,60.816889109580636,60.50511100064408,60.75208893240393,60.55155981670156,60.70542505622767,60.591276279242734,60.66560374510093,60.60999060491619,60.6468657773513,40-44 years
Global,1991,86.66391180365,86.72294519203189,86.26419899448118,87.18164055707261,86.42318063083822,87.02269614753266,86.52613801499842,86.91975739492403,86.60034916784643,86.845555052341,86.66372979510945,86.78217744673047,86.69357357983093,86.75233701663197,45-49 years
Global,1992,6.01809450532,5.781891273010526,5.747823153771339,5.816118362794677,5.759589432240365,5.804229035953045,5.76722722575758,5.796539045096414,5.772740649703066,5.791001401044136,5.7774545552660985,5.786275688503475,5.779675644044727,5.7840519552661185,25-29 years
Global,1992,15.99449527198,16.137905123757218,16.05330105300771,16.222703395642746,16.082565491520473,16.19328842605138,16.101543438994963,16.17424689384788,16.115234053607445,16.16052679894875,16.126933543351782,16.148812839037994,16.1324443401738,16.143299014215007,30-34 years
Global,1992,31.694629871590003,31.78280991850639,31.627533209703852,31.938497329677176,31.68122629299323,31.884486237651767,31.716054597552734,31.849523226077093,31.741183121692615,31.82433218718526,31.762659078418316,31.802825600999082,31.772775421232684,31.792702715219882,35-39 years
Global,1992,60.5794866126,60.67769597717797,60.39446762453429,60.961173225277385,60.49250234173335,60.86294510701904,60.556056865204724,60.799309606882375,60.60189222884541,60.75343671931442,60.64105184825016,60.71425825164162,60.659494031890205,60.695813013164646,40-44 years
Global,1992,88.3577072673,88.37158394839375,87.91839551543833,88.8255989547905,88.07524510316534,88.66810845010572,88.17691022758292,88.56617297896179,88.25023137489218,88.49272646068833,88.31287853495571,88.43001744080128,88.34238471440369,88.40049898498914,45-49 years
Global,1993,6.06452147571,5.801541599437046,5.767524479781263,5.835589347478117,5.77929973400879,5.82379017997414,5.7869328860183495,5.816147133131232,5.792437694322799,5.810637764196406,5.797140661179832,5.805932507004747,5.799355510325321,5.803717293289034,25-29 years
Global,1993,16.07217121467,16.22927050621602,16.145050504623303,16.313516602264574,16.174217434698942,16.284329170316543,16.193118023661157,16.265420302803346,16.206745826324624,16.251788685902277,16.21838693200724,16.240145528052345,16.223868805504374,16.234663597093643,30-34 years
Global,1993,31.95751796193,32.19652928111079,32.04110991844753,32.35238336316675,32.094848276048396,32.298308804544845,32.129707181212495,32.26330707101748,32.154858590723364,32.23808930041508,32.17635472747684,32.21656065925939,32.18648077304115,32.206427614757565,35-39 years
Global,1993,60.947892765629994,60.89865287394696,60.61935583355101,61.17866736430243,60.71593011509716,61.08153789220605,60.77857753985392,61.018654960565904,60.82377847776555,60.97334465551492,60.862409406219626,60.93466011493086,60.8806066250529,60.91645147280238,40-44 years
Global,1993,90.29421931608,90.24988104454829,89.79914932004222,90.70189603358558,89.95505821916255,90.54499304912139,90.05614758052316,90.4434830295438,90.12907116140762,90.37036431806003,90.19139095299043,90.30794895062127,90.22074672621089,90.27857276526927,45-49 years
Global,1994,6.1118280919800005,5.8438826522274185,5.810206386806638,5.877645682199997,5.821853137218693,5.8659317314487,5.829406709537847,5.8583497176093875,5.8348561837957105,5.852887048095397,5.839513352789023,5.8482234077817665,5.841707095528302,5.846028294287685,25-29 years
Global,1994,16.12260919008,16.28056365427202,16.197748310743368,16.36349356845583,16.226412323881522,16.334740766186098,16.244992810100914,16.316122803620896,16.25839302354499,16.302705196293143,16.269842029840223,16.291247568961055,16.27523416495113,16.285853788797784,30-34 years
Global,1994,32.39715991747,32.63158960100002,32.47592830801333,32.78751393151207,32.529788282129644,32.73345035582341,32.56471043878372,32.69844196384593,32.58989991555546,32.6732124292364,32.61142358582494,32.65166898993823,32.6215611040328,32.64152751997202,35-39 years
Global,1994,61.30509260005999,61.20655375231784,60.92970435548333,61.484424748319476,61.02536808656372,61.38797113555073,61.087450003833546,61.32555331422528,61.132255613516044,61.28059163016935,61.1705573217931,61.24221370316888,61.18860208588334,61.224152070714766,40-44 years
Global,1994,91.958112860559993,92.08276188967237,91.63618384754699,92.52850991845142,91.79111323848807,92.37421965524624,91.89138095005521,92.27422729941127,91.96362070588292,92.2021156486304,92.025295633996,92.14050158544018,92.05432952901604,92.11148470500426,45-49 years
Global,1995,6.212774748419999,5.902173261573817,5.868756555698278,5.935821323939883,5.8802816623763094,5.92411737093897,5.8877694342150795,5.916553474637821,5.89317778495562,5.9111097615077375,5.897804013740361,5.906466331954368,5.899984438772535,5.904281960232839,25-29 years
Global,1995,16.22563932726,16.33190929718716,16.251261188531522,16.412990862812144,16.279103013714423,16.384813992769477,16.29718055317056,16.366593829551057,16.31023242977462,16.35347568553767,16.321393268168773,16.34228257785615,16.326652488150792,16.337016023400615,30-34 years
Global,1995,32.83843231847,33.12039271660803,32.968295265448226,33.27321195403664,33.0208163224283,33.220132853061514,33.054914967977275,33.18579680271416,33.079531603351,33.16106987686924,33.10057958450957,33.13996815578057,33.11049711953779,33.13003848544944,35-39 years
Global,1995,61.42752365249999,61.4657797598028,61.20180842715024,61.73027720778303,61.29310314660091,61.63857522214491,61.35232172298329,61.57918408849478,61.395045163919654,61.53638052076478,61.43155557947109,61.49983071233096,61.448752788660705,61.482625347799484,40-44 years
Global,1995,94.19392388455,94.08371626075339,93.67242153480487,94.49735278044491,93.8143614780247,94.35360431599996,93.90654871159579,94.26064556789306,93.97311788694851,94.1937175765676,94.03004794473058,94.13661277738662,94.05687609394707,94.10974480449298,45-49 years
Global,1996,6.3049312115800005,5.95473433134969,5.921352660971101,5.988437656527424,5.932845987470512,5.976695851155045,5.940321164100843,5.969114719941229,5.945724335846911,5.963662298513124,5.950348741862687,5.959013965088747,5.952529090755361,5.956828054985207,25-29 years
Global,1996,16.35343127447,16.30822307436944,16.228469636407322,16.388620145783467,16.255955595509135,16.360637062115686,16.273821338297456,16.34255926483794,16.286729655287836,16.329552358589968,16.29777394762609,16.31846014338363,16.302980111316657,16.313242883987296,30-34 years
Global,1996,32.959189159510004,33.341835364094045,33.18997114784424,33.49457639780486,33.24237831732402,33.44149138862053,33.27641650799475,33.407164716247046,33.30099609745015,33.38245110793693,33.32201682020733,33.36136516493803,33.33192284127168,33.351444250103434,35-39 years
Global,1996,61.7068495489,61.80598964162644,61.54406127272193,62.068706150782994,61.63459358346177,61.97756425233665,61.69333977757924,61.91855908417687,61.735733478573906,61.8760450782303,61.77196958544525,61.83975013631833,61.78903984982454,61.822667036527754,40-44 years
Global,1996,94.99181406983,94.86026091445174,94.45887619786672,95.26373180347859,94.59742912593408,95.12356784137106,94.68740616039783,95.03290349775382,94.75237308086709,94.9676168901994,94.80792813780751,94.91190607282192,94.8341067490221,94.88569210313412,45-49 years
Global,1997,6.33742436378,5.961857808430077,5.928520926694591,5.995316204361131,5.940041220621663,5.983701797269919,5.947516915621452,5.9761862454457235,5.952912039499758,5.970772636611079,5.957523896931834,5.966151754102471,5.959696617484587,5.963977044361558,25-29 years
Global,1997,16.3112963559,16.1909413013397,16.112528176545993,16.269563489424996,16.139644271542856,16.242285540100383,16.15723197903126,16.224629243342903,16.169921082728553,16.211908306213115,16.180765627980602,16.20104817324965,16.185873972524686,16.195936477351903,30-34 years
Global,1997,32.75746142945,33.26744702100948,33.117115983189485,33.41801449858205,33.169128576057744,33.36581864720164,33.20285631708865,33.33201353493513,33.22718504298928,33.30764891639001,33.247973335860884,33.28684290874652,33.257764425785744,33.27704830369396,35-39 years
Global,1997,61.81372464658,61.975719452077456,61.715031724567005,62.23689517544362,61.80519721528298,62.146351895110634,61.86368082396192,62.08770826548194,61.90587276395775,62.04544201957214,61.94192811468448,62.009350107490995,61.958910706620024,61.99236000883399,40-44 years
Global,1997,94.2545573593,94.26842472287399,93.8730676134639,94.66369775106112,94.00999484726582,94.5268336042091,94.09873377950835,94.43812397811689,94.16271627205931,94.37415531841599,94.21736870497631,94.31950869213651,94.24310362262358,94.293777111939,45-49 years
Global,1998,6.328269410799999,5.949111237147846,5.915749973352366,5.982445305762879,5.927308272060368,5.970907443464571,5.9347974901033735,5.963427566478304,5.9401965280166795,5.958032974961431,5.94480766463311,5.953423928312494,5.94697879312379,5.951253475694177,25-29 years
Global,1998,16.35761413071,16.12263387237694,16.04415680508873,16.20092686571858,16.071375231128304,16.17384973279045,16.088998394326577,16.15628786066255,16.10169717383555,16.14361771675196,16.1125390731597,16.132789523727027,16.117642839322993,16.127689429548692,30-34 years
Global,1998,32.668510764539995,33.194273181859145,33.0446984453402,33.34376145778834,33.09651374205852,33.29201210476606,33.13008909780746,33.258465932555644,33.154295198809685,33.23427350796878,33.17496992131486,33.2136050785884,33.18470481970274,33.20387241403595,35-39 years
Global,1998,62.03410221235,62.29917478089708,62.03872797091481,62.560066380246504,62.12881855471241,62.469631656528925,62.187250345656345,62.41105392836916,62.22940327016944,62.3688331881995,62.2654241584319,62.33277887076701,62.28239017006073,62.31580609675424,40-44 years
Global,1998,93.78354385061999,93.84623152714484,93.45878364451325,94.23422355061507,93.59283865480373,94.09974699237932,93.67976914483665,94.01263836582578,93.74247415175051,93.94985065589904,93.79605320048952,93.8962306835332,93.8212880488435,93.87098791545738,45-49 years
Global,1999,6.37669642319,5.9550208055602285,5.922210107034996,5.987882725341465,5.933563716844348,5.976489429381795,5.940924938580468,5.969111444479757,5.946234439401045,5.963794164439097,5.950771129064958,5.959253627743336,5.952907847971759,5.957116156660112,25-29 years
Global,1999,16.38934851125,16.130302509180538,16.052860904665227,16.207788540184453,16.07967442387115,16.180940352549577,16.09705282835569,16.163547613510886,16.109584325446548,16.151009494141714,16.120289679718155,16.140300758278066,16.125331088138974,16.135258917191912,30-34 years
Global,1999,32.621907947560004,33.07628146374801,32.92954027195734,33.223182192779916,32.980324782653405,33.1722739044813,33.013250931487775,33.13929568012318,33.03699871615429,33.11552374500407,33.057288707433514,33.09522173198662,33.066844509369275,33.085663754667685,35-39 years
Global,1999,62.28722400187,62.69411634862622,62.43384151778075,62.954702517857,62.52390117745392,62.86440163424101,62.58230141653234,62.805899537533286,62.62442589413156,62.763727765275334,62.66041866303229,62.72771151141876,62.67737027934285,62.71075551099256,40-44 years
Global,1999,93.62790206997002,93.67242699092849,93.29052406132999,94.05562666743383,93.42249923431574,93.92264919878215,93.50814545351201,93.83657642600612,93.56995609895213,93.77456750579063,93.62279250781593,93.72163422420522,93.6476840913496,93.69672126597251,45-49 years
Global,2000,6.38163287076,5.981609066676172,5.948710342170542,6.014800448756192,5.960041048617195,6.00324393000752,5.967409385854935,5.995779040883455,5.972734671514708,5.990408818879199,5.977291897776994,5.98582974271852,5.9794403964897755,5.98367617494617,25-29 years
Global,2000,16.44249609936,16.17655669801316,16.099347698786655,16.25413731602871,16.126009938509362,16.22718779811388,16.1433189721869,16.20975651385704,16.15581450820015,16.197204179775472,16.166498525482677,16.18649249033323,16.171532704470508,16.18145205193467,30-34 years
Global,2000,32.57936964613,32.95132156254292,32.80765119430043,33.095588247081196,32.85727765200026,33.04550070773303,32.8894916972138,33.01309056792673,32.91274482874051,32.989746339223814,32.93262481880355,32.969821930094,32.941991312943614,32.96044547131383,35-39 years
Global,2000,62.817266551879996,63.19917237845018,62.943204714875385,63.45612879156303,63.031624807866784,63.36694435093908,63.08902292331148,63.30922100370261,63.130454269659836,63.26763852065077,63.165874518925776,63.23214453615671,63.18256238407615,63.215440197136914,40-44 years
Global,2000,93.37202853579,93.43341765167227,93.0674468139092,93.8000869146143,93.19402156368712,93.67297178342476,93.27612415488188,93.59063995807549,93.33535678940068,93.53130081611529,93.385975030969007,93.48063019828508,93.4098170961597,93.45677729776624,45-49 years
Global,2001,6.37133898762,6.016888237924734,5.984161166926739,6.0499437444689725,5.995425565720262,6.038425781887331,6.002753482266043,6.030989585933956,6.00805094831179,6.025641757652084,6.01258534037705,6.021082895991248,6.01472337596722,6.018939161502146,25-29 years
Global,2001,16.46424331425,16.203366524773188,16.12636870806912,16.281009665671327,16.15289834090679,16.253981763957615,16.17014559478015,16.2365217988526,16.18260841282029,16.22396005309867,16.193272374088565,16.21324800815792,16.198299483594738,16.208209742547403,30-34 years
Global,2001,32.34334028813,32.66286762282792,32.52076576515819,32.80594860679069,32.569764539532,32.756193662500635,32.60160651498141,32.72402906408901,32.62460820787671,32.700877342507354,32.644284576709396,32.681128004536845,32.65355852774699,32.671837233201465,35-39 years
Global,2001,62.77189203079999,63.18038245490739,62.92599715381742,63.43597968617066,63.01382083189187,63.34721930421327,63.07085214267591,63.28978917234689,63.112028613680934,63.24842735459905,63.147237545798184,63.21312813194984,63.16382782329452,63.19651739874013,40-44 years
Global,2001,93.47896729133001,93.32837798159267,92.96795995223583,93.68985228224071,93.09253310042997,93.56446253310224,93.17337070750531,93.48327761818153,93.23170689960554,93.4247800047927,93.28156977964714,93.37483817802999,93.30505924769166,93.35133146509287,45-49 years
Global,2002,6.268579047669999,6.002933068524111,5.970240842003032,6.035665131055681,5.9815542282028655,6.024320657873584,5.988889623858654,6.016972361893885,5.99418036490196,6.011675677556668,5.998700828917732,6.007152265897869,6.0008298248270115,6.005022730624955,25-29 years
Global,2002,16.27912340243,16.088830846163763,16.012821153122353,16.165029512187715,16.039107671897217,16.138596844828967,16.056157068247636,16.12148536942855,16.068457534023207,16.109156059386123,16.0789696903188,16.098629763354968,16.08392136849115,16.093675061792563,30-34 years
Global,2002,31.83372928057,32.16109155163057,32.02227686012338,32.30026974570228,32.070271211596236,32.251994304595435,32.10140765333225,32.22073840882691,32.12387400415605,32.19821654960446,32.143075354200185,32.178988013537186,32.1521202944562,32.169937212949876,35-39 years
Global,2002,62.047765951440006,62.53922702955351,62.28902440614651,62.78977630796295,62.37558523271539,62.70294714715843,62.431723167807654,62.646695594317315,62.47221866330036,62.606147310186564,62.506821265676784,62.57151859539393,62.52311860102974,62.555216167764556,40-44 years
Global,2002,93.08465975339,92.85705674081053,92.5004741127314,93.21417766895843,92.62382916073305,93.090406059175,92.70383322067326,93.010225450898,92.76154655701127,92.95243007212478,92.81086271616219,92.90307340515781,92.83409030194504,92.8798377663503,45-49 years
Global,2003,6.158023354600001,6.013791635358416,5.981175383842907,6.046459892849665,5.992460187384004,6.035134714158126,5.999777831466879,6.027800094447816,6.0050562310392,6.022513834546688,6.009566485906733,6.0179996990844815,6.011690778843053,6.015874642629359,25-29 years
Global,2003,15.94898555108,15.914395373934001,15.839136844325662,15.989650580469009,15.865202759918873,15.963586860864025,15.882093835375798,15.946697196241768,15.894272319229358,15.934519413440905,15.90467492735982,15.924116977343106,15.909573388441688,15.919218920311986,30-34 years
Global,2003,31.48476873564,31.753800756608218,31.616845306646702,31.890852736970505,31.66425213371487,31.843371036192035,31.694985380542104,31.812606331325416,31.71714984075893,31.790427260148668,31.73608578324763,31.771483932889172,31.745003466552838,31.762565126481153,35-39 years
Global,2003,61.51683212887,61.89711439871784,61.65162929552844,62.14306456455029,61.73653093386879,62.057803188707645,61.791603843358295,62.00257759041562,61.83133646966211,61.9627740058232,61.86529081042809,61.9287847685454,61.88128389873256,61.91278445440216,40-44 years
Global,2003,93.19949938834002,92.63537640072506,92.2815783424442,92.99034340175261,92.40383439636686,92.86718337077056,92.48318043032593,92.78745307286526,92.54044597255101,92.73000900594417,92.58939749576217,92.68097029412164,92.61245876241928,92.6578897648346,45-49 years
Global,2004,6.1137331033299995,6.121495673249812,6.086463947626814,6.156758137327397,6.09854514809026,6.144498844330213,6.106395570043908,6.1365723466548285,6.112066158530388,6.130866358807493,6.116916710169793,6.125998569415499,6.1192028264172285,6.123708507673576,25-29 years
Global,2004,15.698307483330002,15.774788501787896,15.70049019901301,15.849117182902171,15.726216944059559,15.823366754340963,15.742890653150004,15.806683259471358,15.754913724645169,15.794655654609212,15.765184504620043,15.784382508709282,15.770021174224638,15.779545629008664,30-34 years
Global,2004,31.25262518622,31.472461691088107,31.33729905310137,31.607790591800264,31.384069919404574,31.56089078063882,31.41439718077261,31.53050919083421,31.43627189451116,31.508609279756886,31.454962313444227,31.489906366419405,31.46376497271829,31.48110134917693,35-39 years
Global,2004,60.88624432029,61.109758710626636,60.869564702972326,61.35033152120941,60.952652235950126,61.26695063201588,61.00654222322209,61.212936520280266,61.045418274063586,61.174002839580375,61.078638459753435,61.140754235762174,61.09428508953883,61.125101903558644,40-44 years
Global,2004,92.99050703758002,92.38068612482667,92.02941347482243,92.73252994610235,92.1509223232912,92.61057894049675,92.22973295528554,92.53158103034923,92.28658721732506,92.47463978231964,92.33517048773236,92.4260136377512,92.35805323275119,92.40312223830148,45-49 years
Global,2005,6.08369262355,6.1955135895297655,6.160351314230614,6.230853354558819,6.17249024563149,6.218577108155561,6.1803727819855805,6.21063624876472,6.186063982255583,6.204917973493547,6.190930485028232,6.200038279260482,6.193223624385837,6.197742165261768,25-29 years
Global,2005,15.63402950235,15.738256305336385,15.663705106113424,15.813189936772858,15.689441875955012,15.787157664663628,15.706153988918832,15.770319658735138,15.718220194251456,15.758194937083568,15.728538037037504,15.747848592638226,15.733399922283441,15.742980232179935,30-34 years
Global,2005,30.97321985668,31.338606333704536,31.204643427677606,31.47279982663493,31.25098500576047,31.426279435395955,31.281039671026438,31.396149340274174,31.30272055560004,31.374433488902117,31.321247217657252,31.355889615945358,31.329973308071324,31.34716002917498,35-39 years
Global,2005,60.340170702959995,60.47115854889896,60.23694029995321,60.705752606605905,60.317957909232064,60.62444411988785,60.37050688760276,60.571771898941044,60.40841614827517,60.533805387608155,60.440810529075776,60.501382783829534,60.45606828361658,60.48611933545052,40-44 years
Global,2005,93.52513401723,92.55408627417101,92.20728366095082,92.90165876214763,92.3271981289525,92.78114913057917,92.40499520699225,92.70309899479828,92.46112798967224,92.64684855846468,92.50910102064125,92.59881780663007,92.53169817541549,92.57620839577079,45-49 years
Global,2006,6.16541874227,6.299965935317392,6.264768228002038,6.335318104306172,6.2769243917389765,6.323042442819034,6.284816069422894,6.3151000148705405,6.29051288534353,6.309379637004626,6.295383535612587,6.304497495015572,6.297678431320368,6.30220003080668,25-29 years
Global,2006,15.79851883952,15.820188124118637,15.746253158521311,15.894321717514,15.771817593218497,15.868603497064102,15.78840096848025,15.851954958204901,15.800366155583847,15.839959530804446,15.810592311299917,15.829718574357347,15.8154094114779,15.824898279894752,30-34 years
Global,2006,31.043458888230003,31.362394504229915,31.229134219602496,31.495881755047403,31.27523285677626,31.449607364645203,31.305129969637353,31.41963586477795,31.326697212934217,31.398034086391846,31.34512676616157,31.3795875218556,31.35380711303575,31.370903720858525,35-39 years
Global,2006,59.47453632709001,59.84462524859379,59.61437972846599,60.0751200236095,59.6940487047745,59.99525814364154,59.745712643881724,59.943512546039244,59.78297837433486,59.9062088497968,59.81481945958358,59.87434887801147,59.829815589705376,59.859349269589906,40-44 years
Global,2006,93.43820398017,92.44536087738977,92.10081541682656,92.7900230070256,92.22008614645405,92.67066149738771,92.29741114427742,92.59329884623034,92.35317618681519,92.53751630455415,92.40081664553995,92.48986662321589,92.42325161094482,92.46743101221188,45-49 years
Global,2007,6.2636736613399995,6.400209486134007,6.364401583465008,6.436165061738408,6.3767687104286646,6.423683809538526,6.384797786897922,6.41560614826159,6.3905938000625175,6.409787552998457,6.395549168486373,6.404821159840527,6.397883931238675,6.4024839425540945,25-29 years
Global,2007,15.98518600314,15.913467623324706,15.838936527938321,15.988017997696797,15.864744573912779,15.962194716710718,15.881471264549388,15.94546196960823,15.89353243243339,15.93339802752972,15.903835575597732,15.923093376352119,15.908687408857343,15.918241537717757,30-34 years
Global,2007,31.056979447870003,31.387022182678194,31.254202812514325,31.520242483541967,31.300111759128836,31.47402350122149,31.329900737420797,31.444102740839536,31.35139735196396,31.42254489799976,31.369771510715253,31.40414080478141,31.37842726277388,31.395478496610483,35-39 years
Global,2007,58.82508811697001,59.36250112730974,59.13580456224615,59.58981168975829,59.2141664910182,59.510974830978604,59.26501480635723,59.45992478746537,59.30170789087586,59.4231379911687,59.333070160267745,59.39172987409946,59.347843931812676,59.376946140994946,40-44 years
Global,2007,93.4083394787,92.26471955016511,91.92522225072987,92.6047313707232,92.0426622380455,92.48689304895365,92.11883317174687,92.41055344775646,92.17378239184961,92.35552588549174,92.22073704301552,92.30853258616375,92.24285242532456,92.28640947420126,45-49 years
Global,2008,6.291769799990001,6.475554969930822,6.439744698007017,6.511588605170842,6.452098124911965,6.499062432905593,6.460123687759485,6.4909634238745015,6.465919988637178,6.485133018075212,6.4708775857445735,6.480158826255676,6.473214015067346,6.477818606788695,25-29 years
Global,2008,16.10140595667,16.07834125334085,16.002905147634472,16.154068792073282,16.028967259647988,16.127781171046404,16.045882840959152,16.11076986035291,16.058092020852055,16.098516242438258,16.06852944123871,16.08805714672346,16.073446854786482,16.083134898860653,30-34 years
Global,2008,31.132021282129998,31.327850327235797,31.195621367197454,31.460688248178794,31.24128063692048,31.414558103645852,31.270926271771806,31.38471220029437,31.292328496102023,31.363216948465965,31.310627983602405,31.34487214282589,31.31925036060392,31.33623951802563,35-39 years
Global,2008,58.73630647876,59.1131376737705,58.88803043606906,59.33924507630369,58.96575756647605,59.2607449669786,59.01622897786235,59.20994439946291,59.05266708326287,59.17335330688031,59.08382270100615,59.1421231421485,59.09850250464156,59.127426485340365,40-44 years
Global,2008,93.22602953806,92.07181176984145,91.73576301611138,92.40957545762983,91.85174828234081,92.29226582855668,91.92708218589227,92.21636688174581,91.98147967054446,92.16170657747791,92.02799758324744,92.11506067342904,92.04991768980017,92.09311138916033,45-49 years
Global,2009,6.29220106582,6.56409506370394,6.524765132940619,6.603719216149499,6.538325801493105,6.589931211060395,6.547137348877846,6.581022793066725,6.553502593478136,6.574612527408431,6.558947884993736,6.569145333560166,6.561514534595929,6.566573655896791,25-29 years
Global,2009,16.16563620339,16.40740679700239,16.326768159022848,16.488522714479366,16.354591881739772,16.460330574753204,16.372665232997228,16.442099882840047,16.385717213792113,16.42897469394031,16.396879931858766,16.417776322186725,16.40214051668204,16.412507594256734,30-34 years
Global,2009,31.10615042082,31.159095360793778,31.027646125566008,31.290725319838106,31.073127238451786,31.245104617227422,31.102620215655772,31.21555224066962,31.123894185915727,31.19425061240933,31.142071977176098,31.17605912439123,31.150633393009702,31.167495036778046,35-39 years
Global,2009,58.60453752735,58.773979452325804,58.55156812410221,58.99682386049285,58.628484807045005,58.91957229306914,58.678380769187484,58.86953406036904,58.71437949933828,58.83346919446659,58.74514352899973,58.802672664433,58.7596340498665,58.788175356876074,40-44 years
Global,2009,91.93151881047,91.0816239630477,90.75438529643532,91.4095803500493,90.86753616607692,91.2958744429734,90.94094505857996,91.22222973818843,90.99391145617021,91.16915374432081,91.03917820872363,91.123833240085,91.06050051665133,91.10249950785365,45-49 years
Global,2010,6.351637792210001,6.642902815285702,6.603042002457807,6.682908040385234,6.6168161741752325,6.669021968882564,6.62575495900133,6.660035851602696,6.632206112405085,6.653562755471613,6.6377207199032435,6.648037427454382,6.640318752712403,6.645437050810914,25-29 years
Global,2010,16.41131051279,16.60737021754135,16.52551773767458,16.68946747899864,16.553807036875707,16.660988328509188,16.572165586922512,16.64254965493469,16.585414279708576,16.629263851653004,16.596738720776,16.617921275063683,16.602073496312627,16.612582563015547,30-34 years
Global,2010,31.23374394244,31.095023250120512,30.963095882674736,31.22760119025539,31.00863648185809,31.18155799761983,31.038212501503832,31.15176775192129,31.059567518905904,31.130313132514463,31.077828386612087,31.112003745422648,31.08643303008884,31.103388082555202,35-39 years
Global,2010,58.56464928335,58.55235672985041,58.33169925450043,58.77349860951823,58.407996944723756,58.69682604683255,58.45749670526671,58.64716728899511,58.49321204854411,58.61137810564838,58.52373548682065,58.58081845862788,58.53811314953807,58.56643310998562,40-44 years
Global,2010,90.57378672405,90.03673499905142,89.71740535498859,90.35683837741846,89.82780578908915,90.24583973807728,89.89943659302749,90.17395458825014,89.95112317261882,90.1221497810428,89.99529824822487,90.0779167949017,90.01610696032967,90.05709561340487,45-49 years
Global,2011,6.44603841363,6.747299825292775,6.707554918640565,6.78718912677874,6.721288862819015,6.773343475548409,6.730201582128605,6.764383326847112,6.736633985214979,6.757928899534216,6.742132610134098,6.752419507927759,6.744723124835058,6.749826635138683,25-29 years
Global,2011,16.61142724849,16.84114723446261,16.759967826798047,16.92249827536764,16.788043382976163,16.894289821987016,16.80625433146898,16.876022601228286,16.819392711857745,16.86285810172355,16.83062056843935,16.851617412276262,16.83590919699214,16.846326111251628,30-34 years
Global,2011,31.32181334269,31.16718823673925,31.036573707696842,31.298091294633164,31.081741120427473,31.252700549095714,31.111041307142436,31.223305692962946,31.132181161033465,31.202121884459196,31.150247549657056,31.184033935555135,31.15875743542599,31.17551948677567,35-39 years
Global,2011,58.41017669101001,58.42822493904177,58.2088148820724,58.647933950905994,58.28471910886457,58.571798334865655,58.33394866154684,58.522470776940445,58.36946157895816,58.48691232031635,58.39980695812604,58.45654442509805,58.41409920935141,58.44224776212756,40-44 years
Global,2011,89.36424475316001,88.89899037269578,88.58562972525989,89.21262764313258,88.69406754719198,89.10397575430557,88.76438488232593,89.03356783589803,88.81510371888196,88.98280685773247,88.85843818312757,88.93945132251363,88.87884682633128,88.91903900989126,45-49 years
Global,2012,6.517058220439999,6.8716289419898935,6.831031399749302,6.912498394248831,6.845028671861753,6.898291657621506,6.85412617661161,6.889104273333124,6.8606983428469555,6.88249019987622,6.866320485229822,6.876847629228497,6.868970357107791,6.874193085080701,25-29 years
Global,2012,16.81914351183,17.083013917599267,17.00044435533757,17.165663856931808,17.029015553007035,17.137030115748683,17.047543698354925,17.118475857765993,17.060908094407207,17.105099389819433,17.072326880373424,17.09367457487606,17.077704708397103,17.088295710592593,30-34 years
Global,2012,31.44936703874,31.298298283971565,31.165942357231945,31.43046243240881,31.211807635509903,31.384743862585875,31.24152470527966,31.355090993992377,31.26294644980039,31.333699337024814,31.28124056692983,31.315419543014944,31.289853654575182,31.306810503885277,35-39 years
Global,2012,58.39310997570999,58.39422891649453,58.17544116028194,58.61317866207406,58.251157476342314,58.53733673816486,58.300254681032946,58.4881866825921,58.335666734079574,58.45275008168857,58.365922207982855,58.42248225638825,58.380170973073945,58.408231511309346,40-44 years
Global,2012,88.58122762928,88.096154752265,87.78772525497067,88.40471894029226,87.89448538789144,88.29785407472923,87.96370353350977,88.22859229134608,88.0136238366058,88.17865172918371,88.0562721498709,88.13599296451551,88.07635646438315,88.11590750108076,45-49 years
Global,2013,6.6647508678300005,6.983956934027289,6.943219977997438,7.025068087017713,6.9572458526001855,7.010753503551541,6.966369209966372,7.001506683918131,6.972963826396147,6.9948546003910055,6.97860781846373,6.989182659505584,6.981268811933953,6.986515191070824,25-29 years
Global,2013,17.225402675719998,17.37788738814417,17.29503449919268,17.460948875192823,17.323680369997167,17.432141467342774,17.342265076580073,17.41348835500197,17.35567481415305,17.40004687635923,17.367135629893358,17.388570507617317,17.372534290413654,17.383168528321463,30-34 years
Global,2013,32.12581621089,31.798555864203216,31.66524575431616,31.932082572430538,31.71135882238521,31.88580152569612,31.741268048533755,31.855821460994232,31.76284470559782,31.834211966865325,31.78128244023595,31.81575805657873,31.7899666161636,31.80707062181646,35-39 years
Global,2013,58.77394369309,58.58385074911104,58.36604882152073,58.8021441916147,58.44135536020207,58.72645728538479,58.490213895518394,58.67743740389519,58.52546735393826,58.642109015263955,58.555596516755394,58.611943126482764,58.56978858534963,58.59774322740446,40-44 years
Global,2013,88.19237376955,88.06721896961271,87.76113365918911,88.3740892547524,87.86694490257621,88.26767075660342,87.93560267033747,88.1987551241713,87.98514603764359,88.14909197372317,88.02749065684897,88.1066887446798,88.04743749484048,88.08672919734217,45-49 years
Global,2014,6.88209166158,7.071535786746617,7.0245623622807996,7.118485483894661,7.0408490087244475,7.1022163453982285,7.051392263978302,7.091681458698818,7.058990093034219,7.084087654773257,7.065478129761187,7.077601452480842,7.068532899274554,7.07454741607416,25-29 years
Global,2014,17.717543025629997,17.8275267387973,17.734965354443474,17.920569833265564,17.766926806019956,17.888235937649252,17.78767539052429,17.86732892357725,17.80265426995537,17.85227644940216,17.815462125085745,17.839432736335358,17.821497280325286,17.833389482385158,30-34 years
Global,2014,33.04287269278,32.84005031899459,32.69571367264153,32.98532425863228,32.74549007154688,32.93482470403399,32.777835964201046,32.90216958354399,32.80120048418129,32.8786611103136,32.82118615454402,32.858605364561775,32.83060551351439,32.849169904433225,35-39 years
Global,2014,59.240135723109994,58.943517324824,58.72531982708815,59.16213024804741,58.80077884617315,59.08634997219363,58.84973012703253,59.037262235332115,58.88504743677092,59.001881496395185,58.91522908716282,58.9716686724323,58.92944524319729,58.95744601586397,40-44 years
Global,2014,88.33515170969,88.48890282140057,88.18355418696622,88.79503271226419,88.28911019028905,88.68887245910958,88.3576028343536,88.62012309808426,88.40702720474168,88.5705794512783,88.44927017177336,88.52827811753126,88.46916912773708,88.50836650258644,45-49 years
Global,2015,7.106554236690001,7.226845406768393,7.178050036795849,7.275461257699747,7.194989044013328,7.258658935959869,7.20595048173776,7.247757887756153,7.213845820513592,7.239891000802143,7.220584512019944,7.233166017171212,7.223756122026245,7.229998003799373,25-29 years
Global,2015,18.197531389260003,18.276598967142526,18.181794095094975,18.371448632555918,18.21461943526719,18.33858763009078,18.235895117881856,18.317297931994286,18.251236914178858,18.30194979604758,18.264342860055248,18.28884057228908,18.27051471304986,18.282668443175293,30-34 years
Global,2015,33.8077150134,33.660169509060225,33.51348338633578,33.8071598741456,33.564208760622606,33.75619853979459,33.597115658815916,33.723192099699084,33.62085771569259,33.6994039159179,33.641147706228885,33.6790912843189,33.650704871700775,33.66952940085453,35-39 years
Global,2015,59.92981899907,59.56212512836009,59.342292257871655,59.782696301164144,59.418245437605215,59.706172155488154,59.46754709164106,59.656627793355725,59.5031314028272,59.62093072983815,59.53355055329566,59.59045654200959,59.54788134744681,59.576113530283514,40-44 years
Global,2015,88.9581190514,89.22949526672936,88.92317517186166,89.53630210810114,89.02913005261148,89.42997089449467,89.09785613670684,89.36108492771736,89.14743648758484,89.3114302206883,89.18980441530961,89.26902565118438,89.20975971178542,89.24906290315676,45-49 years
Global,2016,7.2925454775,7.486192030999425,7.436142991333725,7.535974261794925,7.453535472330751,7.518785987204858,7.4647828490851325,7.5076277186823,7.472880487333536,7.499571856443122,7.479789432425699,7.492683060635752,7.48304045772027,7.489437181451393,25-29 years
Global,2016,18.643050866810004,18.803341071740718,18.70792819152399,18.898878073498654,18.740946627952955,18.86576329250782,18.762354449284175,18.8443149713299,18.77779507728833,18.828855575281533,18.790987830088596,18.81565350298677,18.79720127002015,18.809438335415454,30-34 years
Global,2016,34.736115198,34.58452944732262,34.43679500405909,34.73266870950585,34.48786301518828,34.68128752246413,34.520999691950124,34.64801788286724,34.54491150698507,34.62404431074474,34.56534933252128,34.60357625696981,34.574976975403715,34.593942075782145,35-39 years
Global,2016,61.000222537590005,60.498876825844015,60.27780533385301,60.72058077629395,60.3542116973034,60.64368542787622,60.40379673192902,60.59389244709347,60.43958055111777,60.558011986917585,60.47016700069778,60.52737828812784,60.48457565069956,60.51295928924534,40-44 years
Global,2016,89.94724921932999,90.21279680237703,89.90592015800821,90.52035452140926,90.01202494965683,90.41372323736277,90.08086582317796,90.3446584554628,90.1305374723215,90.29488270288697,90.17298902715034,90.25238011095729,90.19298538333489,90.23237284878832,45-49 years
Global,2017,7.51400645643,7.850679305476152,7.799401806125232,7.902643921212124,7.81701601918173,7.884500799916243,7.828488010015012,7.872801375308332,7.836788328930711,7.864394948270259,7.843897915697433,7.857233749877458,7.847251736150906,7.853867870241847,25-29 years
Global,2017,19.042303742350004,19.330245383625822,19.23377649564245,19.42721936332075,19.267077830929892,19.393528054380916,19.288702576910282,19.371736870617436,19.30431613060474,19.356045888067573,19.317667618742334,19.342656656225277,19.323959112891075,19.336356619147693,30-34 years
Global,2017,35.60124105369,35.42483960572866,35.27531757131578,35.574745928473504,35.32700811579686,35.522758317580326,35.36054707527983,35.489093020893655,35.38474830964551,35.464833057342126,35.40543288721129,35.444119704223006,35.41517656882864,35.434369835122574,35-39 years
Global,2017,62.21110171572,61.38634316948936,61.16326538423919,61.60968540372542,61.24044448454842,61.53230169542634,61.29049916578519,61.48216030855641,61.3266061933235,61.44601296755661,61.357458350933655,61.415140819163646,61.37198898153438,61.400606380109714,40-44 years
Global,2017,90.8012409999,91.03150307697814,90.72375841289605,91.34018422708081,90.83010751819008,91.2331109877542,90.89912999944279,91.16378060794412,90.94894376739606,91.11382377023374,90.9915240912621,91.0711735638825,91.01158328141794,91.05109894867262,45-49 years
Global,2018,7.7936665202399995,8.144049475331984,8.087782009753319,8.201454534408732,8.10697234204238,8.181396482718508,8.119541043074092,8.16844661693386,8.128665093998984,8.159143031008806,8.13649758663439,8.15122290696556,8.140197003631233,8.147502815146577,25-29 years
Global,2018,19.51971038089,19.726407308985248,19.628822029487484,19.824618525255126,19.662482451420583,19.790474551586065,19.684351584881437,19.76839928032249,19.700146835463517,19.752508196303467,19.713657091431152,19.73895129666265,19.72002440060266,19.732573314820744,30-34 years
Global,2018,36.56530735436,36.187434673365445,36.03586300628976,36.339235993749945,36.08829394675152,36.286627088256836,36.1223012946196,36.25254457033445,36.146834230874504,36.227976756089745,36.167797944634124,36.20699582490544,36.177671768491635,36.19711859182776,35-39 years
Global,2018,63.28883830983,62.57042337309373,62.34317869009458,62.79792663017276,62.421795534778035,62.7191092348631,62.4727862856256,62.66803399247207,62.50956945113308,62.631211640752944,62.54099954953858,62.59976211141196,62.555802359662415,62.5849556442389,40-44 years
Global,2018,91.15213313963,91.59915552434707,91.29105373450174,91.90784457365902,91.39760062954967,91.80084353545395,91.46672157281007,91.73152967194972,91.51659168403806,91.6815698840245,91.55921029491816,91.63890722648638,91.57928453845572,91.6188237504752,45-49 years
Global,2019,8.09153755199,8.216405754214716,8.14449951833945,8.2861859757824,8.169895577466821,8.262406754047435,8.186152072670765,8.246865490492294,8.197770678246252,8.235584187199402,8.207627364636911,8.225891595284464,8.2122490791036,8.22130978492205,25-29 years
Global,2019,20.2235281408,20.07312771382866,19.956486930656894,20.18920279580458,19.9970412245219,20.149081947445147,20.02324828833985,20.123063520536476,20.042111329335313,20.10428877617239,20.058204092244168,20.088238556995833,20.065776576458852,20.080676966977276,30-34 years
Global,2019,37.74464940495,37.287844462538004,37.11656441926739,37.460239762640185,37.17565875525098,37.40028412930205,37.21404106542533,37.361534377163835,37.24175985744156,37.333644715908534,37.26546762656373,37.30985378809718,37.27664083691203,37.29866152564527,35-39 years
Global,2019,65.08760000174,64.84350929699296,64.59407548054229,65.0948161691719,64.68002698196396,65.00742169373406,64.73591222639602,64.95091718107696,64.77629431975265,64.91024635486714,64.81084540376231,64.87555474124123,64.82713198423394,64.85923561653924,40-44 years
Global,2019,91.87355397018,92.49542645204458,92.18643026815116,92.80533884107908,92.29321766863555,92.69784273772963,92.36252211866027,92.6282372052169,92.41253820183336,92.57808126719922,92.45529069984377,92.5352604548037,92.47543077123623,92.51510533294143,45-49 years
Global,2020,8.30616453285,8.382149128645551,8.302514174843779,8.459833552216178,8.330426590388777,8.43339262249411,8.348415987918838,8.416066516239082,8.36132093464856,8.403477662690005,8.372292891602225,8.392660226145573,8.377443033272687,8.387547841410907,25-29 years
Global,2020,20.731853731940003,20.643858410501664,20.522729046606475,20.764245831049504,20.564843129146333,20.72269876893407,20.592069545218987,20.695720572854484,20.611667274161125,20.67623940521841,20.628385295425705,20.65957772553183,20.636251114143253,20.65172614626741,30-34 years
Global,2020,38.79709106096,38.468555802596775,38.29286833749026,38.644471844985674,38.353662551220864,38.58350004303957,38.39308193242355,38.544006157173364,38.42151444850317,38.51553915183171,38.44580803982729,38.49122846039873,38.45724971548313,38.47978358871149,35-39 years
Global,2020,66.97127850496,66.89198342691603,66.63751964739734,67.14655517823245,66.72558993329349,67.0584000100715,66.78269814639519,67.00125737148454,66.82388694337781,66.96005278399743,66.85907645330677,66.92485511505915,66.87564833392217,66.90828245078329,40-44 years
Global,2020,93.13501045353,94.01964140131005,93.70138403193245,94.33758158150711,93.81160576313235,94.22760043317211,93.88305679405357,94.15625684468534,93.9345763827882,94.10478801031837,93.9785811086446,94.06080738819622,93.99930070934192,94.04009493300971,45-49 years
Global,2021,8.81801021992,8.844869190391607,8.765807927996747,8.923020457982043,8.793386516995643,8.896135609553122,8.811181034397306,8.87864645794951,8.823971216939771,8.866000110039385,8.834869268117068,8.855171815432284,8.839993046461348,8.850065397526622,25-29 years
Global,2021,21.952132270079996,21.850307545684764,21.723985198847185,21.975433196577207,21.767997342408222,21.932337543966582,21.7964137175026,21.90432030292057,21.816849282688604,21.884071796117077,21.834269517829448,21.866742097085126,21.842461992958587,21.85857208389541,30-34 years
Global,2021,40.91591367341,40.45349048617498,40.27500560928472,40.63246097567419,40.33671995509119,40.570371204821555,40.37675304329851,40.530178486439915,40.40563763335367,40.50121969602131,40.4303242237378,40.47649674992006,40.441953090085235,40.46486007157556,35-39 years
Global,2021,70.49625390669,70.23726182639994,69.97889530386628,70.49655506281552,70.06815316097993,70.40658115606749,70.12609323692897,70.34833606288524,70.16791417136224,70.30637330497484,70.20366606949705,70.27055217803789,70.22050966269246,70.253693162687,40-44 years
Global,2021,96.56233419449,97.50686193624823,97.18638846977012,97.82833368934055,97.29712194836081,97.7168290277007,97.36899851211152,97.64462381001566,97.42087526589887,97.59259419266095,97.4652206163428,97.54817416997646,97.48611165331027,97.5272665912673,45-49 years
Global,2022,9.54730669312,9.499783910621124,9.418890784079792,9.581444189900871,9.446789741371056,9.552949233977074,9.464902825514427,9.534585447901678,9.47798431204711,9.521388132578261,9.489175513806998,9.510140712594266,9.494451213099486,9.504852167393139,25-29 years
Global,2022,23.88934520672,23.525437716132352,23.39472743032641,23.65753636324392,23.43971565045806,23.611478977739512,23.46897735254263,23.5817580358773,23.490131119778855,23.56039011448412,23.508238847176997,23.542178191069276,23.5167774923927,23.53361532290991,30-34 years
Global,2022,43.39335145945,42.69135533664682,42.50672754970658,42.876997924335626,42.57044677465628,42.81249582975594,42.611831074823506,42.77077672624528,42.64171458238564,42.740737329449395,42.66727047816852,42.715105464297814,42.679313418111114,42.70304523181491,35-39 years
Global,2022,74.06614932087,73.77569718299841,73.50862697655958,74.04383246387914,73.60086151982696,73.95077562866904,73.66074813231305,73.89053803817447,73.70398030351532,73.84714254553232,73.74094241464638,73.81010075537719,73.7583572145368,73.79266805288644,40-44 years
Global,2022,99.93585845878002,101.28084157586801,100.9502364855494,101.61282774874013,101.06438783351732,101.49761085435148,101.13851848225518,101.42302462970076,101.19203888272307,101.36929209285542,101.23780008726175,101.3234274430854,101.25936130526961,101.30184281671153,45-49 years
Global,2023,10.149674433349999,10.149674433349999,10.04234844718992,10.257962745424955,10.079297240453057,10.220271188867402,10.103335615008286,10.195915606941261,10.12071223852158,10.17839137412469,10.135584029701807,10.163447595667051,10.14259582826721,10.15641952188827,25-29 years
Global,2023,25.47901556269,25.479015562689998,25.326602621812135,25.633666312080013,25.378822350682324,25.579733939067488,25.41291288381966,25.54489696583344,25.43760929476278,25.519850201212808,25.458778478822715,25.498510183994934,25.468768244719183,25.48848035457291,30-34 years
Global,2023,44.92414622623,44.92414622623,44.72847662828653,45.12039617740589,44.796097961479056,45.05232611238268,44.8399845356966,45.00824877311727,44.87165711802119,44.97648753710055,44.89873012233245,44.949371142040725,44.911483923278716,44.93660792998563,35-39 years
Global,2023,76.47203962191,76.47203962191,76.19164110128418,76.75232284835273,76.2887249402225,76.65532666253405,76.35166660011099,76.59242415555602,76.3970556753578,76.5470534659878,76.43582821365774,76.50828925635592,76.45408565249004,76.49003509528906,40-44 years
Global,2023,103.65498984378,103.65498984378,103.307722550949,104.00214841765722,103.42793738734238,103.88201552447727,103.50588833536517,103.80410197627741,103.56210569535479,103.74790229988399,103.61013030988363,103.69988559624163,103.63274487496764,103.67727443025109,45-49 years
Global,2024,NA,10.839718267955861,10.536008475932753,11.153704802703903,10.640046396421717,11.04173464788819,10.707603357845333,10.970790019116825,10.75651168454286,10.920307272536734,10.798484116460425,10.877569932109209,10.81832295784942,10.8575534357246,25-29 years
Global,2025,NA,11.579138017216488,10.965425165929284,12.224941782503793,11.1745979442566,11.990875257218807,11.310462124491355,11.84450335040548,11.408984322678473,11.741122244331494,11.493717597056271,11.654032334210799,11.533844387993545,11.613361289011003,25-29 years
Global,2026,NA,12.372676073226302,11.349545040961363,13.472938732126432,11.694499112559823,13.06790115598496,11.919762577835247,12.817524462088661,12.083798197801489,12.641924023898074,12.225389813356683,12.494731736407527,12.292622270909007,12.426210375219704,25-29 years
Global,2027,NA,13.225883956763479,11.69387838829405,14.915966137806706,12.20288133162624,14.283477924735253,12.538004038172744,13.897085053189237,12.783449377641572,13.628096028526008,12.996303938585214,13.403851959759299,13.097706298229673,13.29983371515618,25-29 years
Global,2028,NA,14.145035359045378,12.000674650557583,16.579693773418782,12.700704676401006,15.652432332876577,13.166261735682397,15.09298150977887,13.509594862961485,14.706619692978345,13.808968092691561,14.3864479376428,13.952124766953492,14.238520180990832,25-29 years
Global,2029,NA,15.13722671113364,12.271118599531448,18.495833485194026,13.188137260393491,17.19268664482507,13.805065554010055,16.41681803406138,14.263585587096427,15.885580230895906,14.665844249166119,15.448196492241458,14.859003611401363,15.2469862084209,25-29 years
Global,2030,NA,16.21049550793973,12.50596934209806,20.70238492355942,13.664965091896482,18.925189230475745,14.454661215190143,17.881896729283902,15.046625519733931,17.1740788954509,15.569426786473077,16.595352035979946,15.821610015719388,16.330358058241245,25-29 years
Global,2031,NA,17.373958615342712,12.70582010429586,23.244401862243247,14.130763652546502,20.874129595739664,15.115118873503349,19.50328226778621,15.859837917392218,18.582251843401945,16.522278552889603,17.834755140761942,16.843377271047594,17.494182513682404,25-29 years
Global,2032,NA,18.63797400501919,12.871224562888411,26.175078171343245,14.584985477335582,23.067293929306167,15.78638772661885,21.297943193114815,16.704298509711528,20.12133282059864,17.52705176794339,19.17386207039981,17.92792309889499,18.744448852024345,25-29 years
Global,2033,NA,20.014330267309305,13.002764422007326,29.55711999738177,15.027010950224,25.536523645842045,16.468326985676555,23.284941904921908,17.58105411200065,21.803741215712453,18.586502306538204,20.620785842918565,19.07906536641401,20.087617082399294,25-29 years
Global,2034,NA,21.51646920364893,13.101087010688643,33.464422090300914,15.45618054286565,28.318269400467983,17.160724970598718,25.48566464712811,18.4911338653867,23.643189108038015,19.70350073094363,22.18434545222211,20.30083678721285,21.530650682565696,25-29 years
Global,2035,NA,23.159747927667457,13.166925906188167,37.98409070991464,15.871816710186655,31.454244642283445,17.86331165356626,27.924089783867373,19.435556373466447,25.654805186154253,20.881041614423413,23.874121976338046,21.597499367027602,23.08105317371824,25-29 years
Global,2036,NA,24.96174827910656,13.201111177961527,43.21887308344615,16.273239569367014,34.99218881565326,18.57576733501369,30.627095806788898,20.41533438853491,27.85527523460686,22.122251946256,25.70052117122814,22.973559003934803,24.74690832571532,25-29 years
Global,2037,NA,26.942643046355133,13.204572906711611,49.29007000070986,16.65977860824372,38.98675451627454,19.297728919013416,33.62481230478233,21.431477952975808,30.262999814044537,23.430399057172778,27.67484257067589,24.433780489306496,26.536924000875338,25-29 years
Global,2038,NA,29.125630583542932,13.178340155743452,56.34102627361463,17.03078172292483,43.50053657689887,20.028794640613,36.951018382272196,22.484996523525364,32.898270322644,24.808898326290766,29.809355347279084,25.983203073065795,28.4604797621868,25-29 years
Global,2039,NA,31.537451999650624,13.123536774925096,64.54131485615127,17.385622374097935,48.60526475607661,20.768527765348026,40.643594071246156,23.576900401435054,35.78346503050026,26.26132083408769,32.117381339810535,27.627156712736216,30.52767844533689,25-29 years
Global,2040,NA,34.20900832028341,13.041374961967463,74.0917555431111,17.723705360955446,54.38318572639317,21.51645959119389,44.745031298504536,24.708201674505194,38.94326701493021,27.791401070821923,34.61338576253348,29.371279101542815,32.749401946434574,25-29 years
Global,2041,NA,37.1760990442656,12.93314723171545,85.23043947313498,18.044471538513605,60.92866460283886,22.27209196937928,49.303012024507005,25.879914806787113,42.40490623796721,29.403044776845224,37.31307620361979,31.22153355733232,35.13737151952663,25-29 years
Global,2042,NA,40.4803085506798,12.800217272031388,98.23996743060411,18.347401697442322,68.35004147912662,23.034899489886033,54.37106231323027,27.09305696830499,46.19842832153806,31.10033697106966,40.23351060343881,33.18422784692761,37.704212915547856,25-29 years
Global,2043,NA,44.17007313240618,12.644010051683283,113.45615468865778,18.63201975750917,76.77178450959967,23.80433143192869,60.009292360730385,28.348648169147946,50.356992905589266,32.887550211000566,43.39321498517191,35.26603401705233,40.46352673010774,25-29 years
Global,2044,NA,48.301969394725,12.466001468277359,131.27850969822686,18.897895381545815,86.33698815674413,24.579813549719276,66.28523393478858,29.64771124390766,54.91720482952517,34.76915311954156,46.812311793537646,37.47400930191972,43.42996436328814,25-29 years
Global,2045,NA,52.942274822407846,12.267707768931528,152.18286055292776,19.144646087437575,97.21027351187006,25.36074974346669,73.27478828984619,30.991271720016993,59.91948176562637,36.74981920844451,50.512659784809266,39.815618178118946,46.61931003150244,25-29 years
Global,2046,NA,58.168864084418594,12.050674935134905,176.7365846071914,19.371938915822813,109.5811573110053,26.146523651488867,81.06329945211199,32.38035759501611,65.40846236138987,38.83443602485033,54.51800650446002,42.298755639098,50.04856931019947,25-29 years
Global,2047,NA,64.07352089296892,11.816468191078497,205.61699629588904,19.57949169759472,123.66796766909299,26.93650018930466,89.7467698540973,33.81599904173684,71.43345942258364,41.028114645147724,58.8541544890737,44.931771763985864,53.736064727324845,25-29 years
Global,2048,NA,70.7647659861168,11.566661768794386,239.63357029116773,19.767073956021267,139.72239794767464,27.73002705444268,99.4332376744618,35.299228056162,78.04896319691389,43.33619953909399,63.5491424378545,47.72349765864356,57.701538971500916,25-29 years
Global,2049,NA,78.37132840485849,11.302829041655679,279.7548268172565,19.93450747185722,158.0348059142155,28.52643621044987,110.24433795186732,36.83107805962958,85.31520040671644,45.76427882643232,68.63344271728666,50.683272850480414,61.96626632622168,25-29 years
Global,2050,NA,87.04642146041961,11.026533118985656,327.1408896305218,20.081666535351143,178.94038386995803,29.32504535965657,122.31707264042858,38.41258346476916,93.29875533578843,48.31819494796338,74.14017669140677,53.820974222677386,66.55317299238811,25-29 years
Global,2024,NA,26.068279588466254,25.67911028184794,26.455029464220722,25.815892069998927,26.31993862617007,25.903314419612,26.23341415297175,25.965891662801535,26.17128703202317,26.019120154400873,26.11828172306407,26.044135980641006,26.093323390380696,30-34 years
Global,2025,NA,26.9477491145096,26.22406884615068,27.67871453040482,26.479884896232278,27.416902257802377,26.64157529702694,27.253021226668615,26.756907192545636,27.136734052479184,26.854978538873898,27.03820755625,26.90111050498389,26.99197828851063,30-34 years
Global,2026,NA,28.388472564570215,27.218778422556024,29.571077679310047,27.636472977809234,29.142452739859607,27.89754381208252,28.877664612952046,28.082755281422667,28.690863196632897,28.239839578739073,28.533022071692837,28.313667424198226,28.459039931659937,30-34 years
Global,2027,NA,30.291460426854165,28.541740143172753,32.067820586653994,29.168241690516933,31.4183758540946,29.558441700918067,31.020732408738343,29.834706446669745,30.74135578634439,30.06881087013578,30.505784435740946,30.17882476467459,30.39547458513577,30-34 years
Global,2028,NA,32.35831171590928,29.902539373234053,34.88648569391827,30.777019580829894,33.95145994650567,31.32300697985787,33.38424859223142,31.710305790681915,32.987821970656185,32.039100896359166,32.65470461184324,32.19383865579572,32.49903699545572,30-34 years
Global,2029,NA,34.573680952655515,31.189495272799128,38.129482207743806,32.37575695139535,36.80348271987874,33.124714169567206,36.00207311738481,33.65979878016182,35.443817217014924,34.116359061096915,34.97619507944666,34.33189763822183,34.75820231948011,30-34 years
Global,2030,NA,36.952459602000715,32.36917939330926,41.893272256044014,33.94079339347013,40.03534845699923,34.94908456337354,38.915045739763904,35.67665680309516,38.13719909264739,36.30173305525635,37.48799440749875,36.59804884096088,37.18624705490005,30-34 years
Global,2031,NA,39.511505435015955,33.432365703647974,46.25821924050163,35.46731104555955,43.69339990145794,36.79523845018075,42.15366620080063,37.76353795050245,41.08952707292562,38.60154107803745,40.2053994230551,39.00058467037059,39.79589853990248,30-34 years
Global,2032,NA,42.2698654866119,34.378861278727896,51.308406636707346,36.955903508314655,47.82469637423614,38.665634786640204,45.7485383556913,39.92523278186479,44.32245393530554,41.023416307371875,43.144033344072106,41.548797456037924,42.60039339191582,30-34 years
Global,2033,NA,45.24908753972059,35.21126770811906,57.141006834178924,38.407728628691665,52.48298022680809,40.56265569418154,49.73413023057274,42.16642611450016,47.859966531365416,43.57514490528951,46.32084778645269,44.25234320652074,45.61391551698839,30-34 years
Global,2034,NA,48.47358346549341,35.93268019060043,63.8711756910964,39.82330304840025,57.73083441536982,42.4879415837555,54.14989373362214,44.49133353164212,51.72900817864428,46.26452821960742,49.75443135534026,47.12120817868004,48.85178044167625,30-34 years
Global,2035,NA,51.97105213186701,36.54604944932783,71.63562804322677,41.20241361604002,63.6408778623308,44.44243625314605,59.04075723752437,46.90377302331582,55.95971790133856,49.09945942886331,53.46514158735783,50.16578971675832,52.33054039014758,30-34 years
Global,2036,NA,55.77297348215243,37.054124412877485,80.59627397993803,42.54427594174542,70.29692075324692,46.426540826683116,64.45757737151128,49.4072830615877,60.58563608282471,52.08801196112759,57.47521327574403,53.396976971071545,56.06807219709154,30-34 years
Global,2037,NA,59.91518754253514,37.45955013473929,90.94446133585663,43.847705627401986,77.79532832494432,48.44024609856049,70.45768413158322,52.00521477468134,65.64395310319406,55.23850841066533,61.80888003229561,56.826217795503545,60.08366766976224,30-34 years
Global,2038,NA,64.43857473551365,37.76498025022559,102.9060826626017,45.11125491838231,86.24666287346717,50.48322844544889,77.10554443247412,54.7007953394644,71.17581291604651,58.55957220367062,66.49251621775252,60.465575534453805,64.39813222954524,30-34 years
Global,2039,NA,69.38985723742537,37.97316617123886,116.7477375259789,46.33331424741975,95.7776372263716,52.55491678571683,84.47354886660331,57.49717039288815,77.22667137785848,62.06016780898762,71.55479980181458,64.32778016975304,69.03389353165375,30-34 years
Global,2040,NA,74.82254531551273,38.08701807702274,132.78415025371285,47.51218677922206,106.5334128918095,54.65453943454571,92.64292621981804,60.39743242794279,83.84670867785226,65.74963388471815,77.02689581899608,68.42627688734395,74.0151206547021,30-34 years
Global,2041,NA,80.79805777202333,38.10964168061369,151.38708089657607,48.6461436135516,118.68028478285916,56.78115747121855,101.70479388320227,63.40463996997562,91.09129685292723,69.63771219842259,82.9426604340928,72.77527397366724,79.36785425874116,30-34 years
Global,2042,NA,87.38705204468732,38.044356157304,172.99601931496196,49.73346533406362,132.40880520901004,58.93368908552055,111.76135616558246,66.52183063752376,99.02152506194395,73.73457409699631,89.33886614681587,77.38979123743226,85.12014817608136,30-34 years
Global,2043,NA,94.6710074761651,37.894697965464395,198.13101646565661,50.77247384556144,147.9374115442501,61.110927840710005,122.92726611911131,69.75203007648467,107.70478672403169,78.05084564468608,96.25544912317358,82.28570973550966,91.3022230255755,30-34 years
Global,2044,NA,102.74411516963009,37.66441427934134,227.40808442041995,51.76155718053048,165.51663475803065,63.31155678484204,135.33116993523973,73.0982580532198,117.2154338425168,82.59763214935252,103.73578002027368,87.4798233414008,97.94663257198268,30-34 years
Global,2045,NA,111.71554020598172,37.35744885955526,261.55769020814984,52.699189097047785,185.43398026406146,65.53415969357464,149.1174564357883,76.56353255090937,127.63550493308557,87.38654255450949,111.82695999270489,92.98989255579991,105.08844367540401,30-34 years
Global,2046,NA,121.71213746718664,36.97792249667218,301.4469819743055,53.58394471671213,208.0195887883768,67.777230308637,164.44823783630235,80.15087243401902,139.05553402813408,92.42971402477978,120.58014385566463,98.8347008781459,112.7654307916432,30-34 years
Global,2047,NA,132.8817217361654,36.530109654110426,348.1065238225464,54.41451306910704,233.6528036925347,70.03918016286869,181.50559193090706,83.8632990663258,151.57544929524425,97.73983695848227,130.050892651194,105.0341140120093,121.01828609643415,30-34 years
Global,2048,NA,145.39701721824147,36.01841256563422,402.76248370190797,55.18970715309005,262.76979295557965,72.31834540172893,200.49410025343138,87.70383715055286,165.30557092630403,103.3301806009833,140.29955813179512,111.60914215160312,129.89084641768704,30-34 years
Global,2049,NA,159.46044256817802,35.44733377108799,466.8754237587387,55.90847195201615,295.87239942663393,74.61299288949665,221.64372171507335,91.67551497965925,180.36771915636956,109.2146193936589,151.39170194994142,118.58200558409413,139.4303382733987,30-34 years
Global,2050,NA,175.30992675087396,34.82144787215944,542.1870931966198,56.569890721654865,333.5384227008444,76.92132580508104,245.213046810151,95.78136423695048,196.89644458374872,115.4076601678861,163.39855262936305,125.97620383794973,149.6876424308415,30-34 years
Global,2024,NA,46.346807984246254,45.725263220987806,46.96721853505602,45.94478563039722,46.74846158008299,46.08409376339981,46.60958691165388,46.18357791177203,46.51031802325266,46.26815436341048,46.425845674494376,46.307908724274924,46.38612155852563,35-39 years
Global,2025,NA,48.31426455975086,47.07559040235877,49.565194797855284,47.51644310202508,49.114337898850124,47.79296560209161,48.83407969296468,47.989549881101375,48.63584024342175,48.15646299428293,48.468132642089046,48.234936582662925,48.38948720342698,35-39 years
Global,2026,NA,51.05886882240201,48.984958890118364,53.151719329944775,49.728262246740556,52.39190055054339,50.19129690954285,51.92368424578275,50.51916545958523,51.593677195638094,50.79693328958932,51.31490218509609,50.927410000591735,51.18423052875409,35-39 years
Global,2027,NA,54.583844883401575,51.44526835692218,57.7620796251847,52.571827396506194,56.6003098666398,53.272227960696405,55.88942791918548,53.7674863967955,55.38997105520306,54.186789139564496,54.96871667277828,54.38373369385801,54.77140241576401,35-39 years
Global,2028,NA,57.67598166027142,53.32130078483311,62.156540020693164,54.87424232013516,60.49806027245865,55.8424983395076,59.49306409330733,56.52879427021824,58.791014411071366,57.11116284955805,58.20119454853151,57.38518072652567,57.925576227603464,35-39 years
Global,2029,NA,59.142271551429424,53.49264057037156,65.09128038531645,55.480941548376435,62.858742106316,56.73031337441756,61.51819226013176,57.6208502005816,60.58751246780862,58.37993001589348,59.809310584393174,58.73817655521542,59.446800935554336,35-39 years
Global,2030,NA,61.172352338732516,54.02348321467061,68.85385878254591,56.51004104407151,65.93610167225371,58.08345299308457,64.19859146412963,59.21039971645588,62.99890527517778,60.17468378502607,61.99991160323478,60.63096709956208,61.535820557728435,35-39 years
Global,2031,NA,64.48743721745937,55.50881505436564,74.29295846125471,58.60192665393943,70.53087905614241,60.57079527091659,68.30699732213479,61.986332019873885,66.77838446803896,63.20111014114222,65.5096555986932,63.77708966801207,64.92152450508797,35-39 years
Global,2032,NA,68.86593046405078,57.69121452677234,81.27762683159249,61.50193198097512,76.46612509135453,63.9429216127224,73.64369445519384,65.70483312762144,71.71272238272832,67.2214528551554,70.11547258274501,67.94205368559453,69.37669823214594,35-39 years
Global,2033,NA,73.63250944562932,59.96363477864349,89.12514644065159,64.56827086720409,83.04639777322112,67.5394092176261,79.5120935616887,69.69426618933507,77.10751072790252,71.55604685037197,75.12664178184636,72.44290255192455,74.21289668355348,35-39 years
Global,2034,NA,78.7557409544059,62.17233484305242,97.97922531404139,67.67461597434199,90.34704422066933,71.25867762234512,85.94540430549974,73.87405489659065,82.96684211832533,76.14413595965759,80.52347226575266,77.22876656766672,79.39964586919498,35-39 years
Global,2035,NA,84.27257924080068,64.26298932029043,108.060139394678,70.77907990130126,98.50451469306027,75.0743822072115,93.03433480793035,78.2329233520625,89.3523628580196,80.98989295212515,86.34536339459449,82.31191098819099,84.96669112253969,35-39 years
Global,2036,NA,90.22488112896451,66.1995574580666,119.59800141893436,73.85373449709273,107.6543373107992,78.97024964823898,100.86708072644521,82.76652716945077,96.32398714676117,86.10172546610762,92.63157035019226,87.70761945638652,90.94459929610129,35-39 years
Global,2037,NA,96.66003241188668,67.95856198981953,132.84374563750748,76.88021742244516,117.93737174349616,82.93689152787425,109.5332197346561,87.47534223687221,103.94224064240774,91.49120155376222,99.42229357664596,93.43363966502197,97.36527975738477,35-39 years
Global,2038,NA,103.63174478015297,69.52543574919036,148.079105676725,79.84638511562032,129.50560980334956,86.96916604869035,119.12734978748846,92.36283896103231,112.27044178192308,97.17209425301688,106.75968354584843,99.50968535619336,104.26246248163415,35-39 years
Global,2039,NA,111.20099449356215,70.89196290138324,165.62650565419636,82.74388793740192,142.52738755525485,91.06425921656009,129.75216778760844,97.43415155508289,121.376489306862,103.15969070150496,114.68865816457361,105.95708754491004,111.67209852929298,35-39 years
Global,2040,NA,119.43712177089758,72.05442397930274,185.85943930134144,85.56656472218954,157.19208490792917,95.22046738339034,141.52099071015843,102.69525194001181,131.3342552399748,109.47038340794518,123.25754067515828,112.79861272773432,119.63269507944663,35-39 years
Global,2041,NA,128.41912007219432,73.01227138459711,209.213794073918,88.30946383309849,173.71457854351877,99.43649980479276,154.55991625324617,108.1524920016452,142.22471210059263,116.12146687242715,132.51857688723712,120.0584039456922,128.1856090926243,35-39 years
Global,2042,NA,138.237151568595,73.76721572272037,236.2005899775406,90.96828664491002,192.33975163678318,103.7111089174525,169.00983868775504,113.81237020297209,154.13692973315514,123.1310571590918,142.52839058014533,127.76199582312842,137.37532162610466,35-39 years
Global,2043,NA,148.99433303416788,74.32261450974036,267.4206505559675,93.53909170802213,213.3473246357625,108.0429080987031,185.02848549780694,119.681421299834,167.1690402682425,130.5180775755858,153.3484190603336,135.93637011962835,147.24970873023526,35-39 years
Global,2044,NA,160.8088459342695,74.68306935099157,303.58177597522547,96.01815025148544,237.05722263601982,112.4302903961117,202.7925889693983,125.76616926910067,181.42923430534623,138.3022777703146,165.04535526591187,144.61003297638686,157.86031943782817,35-39 years
Global,2045,NA,173.81643617738914,74.85415900802792,345.51905214786706,98.40188567212972,263.835662602594,116.87139934161185,222.50027263902177,132.07311102053941,197.03682815107416,146.50426913679937,177.69161257235197,153.8131043669422,169.26266770423567,35-39 years
Global,2046,NA,188.1733834440458,74.84225724671384,394.2190173346038,100.68685776295298,294.10213099106596,121.36412555951664,244.37371410903202,138.60871418931507,214.1234290180161,155.14556806402,191.365822632981,163.5774153468089,181.51654297943938,35-39 years
Global,2047,NA,204.0600379344293,74.6544017918793,450.848526599269,102.86976957896114,328.33742534128555,125.90611546362739,268.66213798106236,145.379420693345,232.83421872495853,164.24864303862154,206.15337355236016,173.93661126344804,194.68634289392722,35-39 years
Global,2048,NA,221.68504469550408,74.29819322217132,516.7893101344209,104.9474847767898,367.0929480604956,130.49478507869532,295.6451913939226,152.39165204996348,253.32937383720767,173.8369638224595,222.146994241564,184.92626032913998,208.84143092821444,35-39 years
Global,2049,NA,241.2904035584972,73.7817109786236,593.6794189827374,106.9170488624802,411.00146420536885,135.12733555205827,325.63675733064974,159.65181461324423,275.7856396805005,183.9350520017775,239.44739022758984,196.58396754301413,224.0565216662083,35-39 years
Global,2050,NA,263.1575476258745,73.11343897623868,683.4629976923301,108.77571088329519,460.7895663231991,139.80076874244,358.9892660985442,167.16630396272203,300.3980763496509,194.56853270982165,258.1639360923586,208.94949421648275,240.4120961618525,35-39 years
Global,2024,NA,80.11846873220414,79.07968587745337,81.15403776842872,79.44802306838623,80.78804846610848,79.6808180597029,80.55638112745983,79.84675190386076,80.39098057843687,79.98768621077765,80.25030120735926,80.05390438830631,80.1841523218962,40-44 years
Global,2025,NA,83.79376790781664,81.67083921436843,85.93582473784824,82.42826188917415,85.16262707086923,82.9022067071359,84.68294245435754,83.23872448324619,84.34390718815881,83.52425747325087,84.05716963587349,83.65845847577074,83.92271104853938,40-44 years
Global,2026,NA,87.950753739541,84.39419021081072,91.53562975180114,85.67096681720429,90.23368634709529,86.46519038239335,89.43198409990183,87.0271094932378,88.86705381636348,87.50292777855059,88.38982622105021,87.72637876161441,88.16611604828877,40-44 years
Global,2027,NA,92.16536402685098,86.87417952265717,97.52325640701456,88.77414141243088,95.56403423021996,89.95489349421757,94.36567250890143,90.78963114134585,93.52388372750951,91.49627140737496,92.81396554076478,91.82816288164496,92.48145313206464,40-44 years
Global,2028,NA,95.77778335480244,88.5629779553119,103.20760977772855,91.13545395469279,100.45528229408427,92.73924994460097,98.78849341030032,93.87607368610546,97.624588758924,94.84084351810218,96.64700020994827,95.29482982903137,96.1902484284228,40-44 years
Global,2029,NA,99.02187590951941,89.57321317179523,108.9576177518473,92.9024143030055,105.23041662807647,94.99257906329845,102.99225883557646,96.48159998789369,101.43816690208878,97.75033901812253,100.13844155000702,98.34898778868913,99.53289794345947,40-44 years
Global,2030,NA,103.28417190334632,91.23326910598031,116.22180336530457,95.42895340395866,111.30761570467335,98.08178761224093,108.38195696829835,99.98098214767982,106.3619359621956,101.6055655397449,104.67971645084619,102.37416575399057,103.89816079750004,40-44 years
Global,2031,NA,109.22700528804364,94.03241689064856,125.81214261735926,99.26975102297128,119.44901638786956,102.60222732936693,115.68817848831459,104.99749320331058,113.10313062228283,107.05265537071006,110.95745140523461,108.0269889828922,109.96273917098252,40-44 years
Global,2032,NA,116.86227367856578,97.902142798544,137.90498878257506,104.37115742268834,129.7498687109579,108.5138135113405,124.965697800503,111.50324271299137,121.69215370192313,114.07595964635917,118.98397255439268,115.29819178364058,117.73122389471003,40-44 years
Global,2033,NA,123.59633277092661,100.66474575182542,149.58617136250012,108.39125011194237,139.38774482130196,113.375793873175,133.45882960975814,116.99053961380405,129.42532187851094,120.11349878607075,126.10266764876731,121.60108328821389,124.56999147412962,40-44 years
Global,2034,NA,126.87265119060041,100.26715597568823,157.77590674644097,109.09428873475207,145.4825926400105,114.84070486731083,138.40473351814225,119.03363444014241,133.6203031972661,122.67346013816582,129.698282393108,124.41282224696319,127.89503084080602,40-44 years
Global,2035,NA,131.38325563713997,100.57313736387265,168.03742055932102,110.63881401258114,153.26341486250016,117.25120835775597,144.8376784773003,122.10519329230658,139.17741650261678,126.33853140663014,134.55935491662586,128.36785597670826,132.4428089543709,40-44 years
Global,2036,NA,138.68443181309686,102.65680937285549,182.50906289460065,114.25449406288361,164.62903605750228,121.9407718250136,154.52365439849657,127.61500182292217,147.77399322172735,132.58497125703974,142.29095087514918,134.97429174160396,139.7852757542861,40-44 years
Global,2037,NA,148.31163305672655,106.01757464280178,200.93376670261296,119.4270408135046,179.19928386937002,128.39436021419715,167.0292912379193,135.05224402522686,158.9483226561207,140.90910857947063,152.412711354904,143.73302706706065,149.434847867941,40-44 years
Global,2038,NA,158.82082369200174,109.52676524151637,221.6726321554572,124.90003541033717,195.36760638922362,135.27818671232794,180.78704348221137,143.03094985654704,171.1677900424942,149.88307369036264,163.42569409994314,153.19733062205373,159.9095150988628,40-44 years
Global,2039,NA,170.1534741251216,112.95376769296172,244.9941905220931,130.47068951598783,213.25166715994553,142.4201271887775,195.8345666205623,151.40734614427575,184.41919661347092,159.39141010573712,175.27749864013722,163.26640221725881,171.13976281175016,40-44 years
Global,2040,NA,182.39776004232317,116.22916175605623,271.3924728393248,136.0825366551596,233.1360133613567,149.78583376450948,212.35503287118235,160.17093162488442,198.82581472418133,169.4497034401959,188.0479340341314,173.97004042592042,183.18721187967384,40-44 years
Global,2041,NA,195.65368331375637,119.29848694721568,301.42033140091087,141.68945789633784,255.32760109585445,157.34804765500007,230.54204498403107,169.3162480974213,214.51673151031642,180.07735920276798,201.8206962667653,185.34154116049993,196.1169776471993,40-44 years
Global,2042,NA,210.03472994439133,122.11932703820595,335.7053003458251,147.2538662591354,280.1619807743504,165.08544177760928,250.6026384127687,178.8421851834514,231.62844243773586,191.297329069932,216.68413058781363,197.4176441912769,209.99812237225424,40-44 years
Global,2043,NA,225.66986058372015,124.65929371600667,374.9670344622997,152.74520592402803,308.0100790606975,172.9815206138054,272.7606185423404,188.75125976336022,250.3066334125839,203.1358067915084,232.732077804772,210.2384650326805,224.90415129411488,40-44 years
Global,2044,NA,242.70586355882358,126.89449684253188,420.0370778056072,158.13859976175226,339.2857824145662,181.02352647548025,297.2602752737039,199.04885824416388,270.70814896945575,215.62189059046977,250.06479394990504,223.84740794272653,240.91354298299066,40-44 years
Global,2045,NA,261.31012313427277,128.80828677163552,471.8817032395141,163.41364826798764,374.4543731753371,189.2014326654031,324.3703920053148,209.74252380030623,293.0030673629561,228.7872645248402,268.78990358395856,238.2910914688707,258.11029792729636,40-44 years
Global,2046,NA,281.6738789718393,130.39016728062734,531.6286153470437,168.55341376108123,414.04188625001234,197.50709557214262,354.3884967255504,220.84135509614885,317.37683090034045,242.66594192738054,289.02336340509237,253.61931437190347,276.58449906144483,40-44 years
Global,2047,NA,304.01607203211734,131.6348398818098,600.598393367337,173.5436049488607,458.64551918651256,205.93359105679556,387.6453660378768,232.35553928055637,344.03242402668707,257.29408628446095,310.8904324759329,269.88507266720643,296.43288497094085,40-44 years
Global,2048,NA,328.5878935632007,132.54136816776455,680.3416849725259,178.37195211962452,508.94529640620095,214.47472339971688,424.50984388630144,244.29601000070951,373.1926239575706,272.7099048427856,334.5266587677611,287.14462591180904,317.75944082332734,40-44 years
Global,2049,NA,355.6781796515659,133.1124576986106,772.6833515308841,183.02774688222456,565.7172457397295,223.12467710780123,465.39406642828624,256.6742068981918,405.1023646476421,288.9536014947752,360.07889781886763,305.45760534303247,340.67601397099855,40-44 years
Global,2050,NA,385.6198256048921,133.35384441056803,879.7750105455323,187.50151419046855,629.8483934073902,231.87777821017727,510.7591987552709,269.50191090779134,440.0312597858117,306.06737429181345,387.7063806247235,324.88715567954574,365.30296154676097,40-44 years
Global,2024,NA,109.70621388775689,108.30404502164698,111.10232659222781,108.80237509014691,110.60848832398422,109.11664562184296,110.29630677552808,109.34040506059644,110.07352813981396,109.5303334259944,109.88406961241897,109.61954473891404,109.7949815551763,45-49 years
Global,2025,NA,114.73891759740536,111.84713321511923,117.65539217369613,112.88006679785293,116.60197553611324,113.52569133272142,115.94901044887088,113.98383404485473,115.48766708982804,114.37243505227393,115.09753724052766,114.5550499843868,114.91459782836709,45-49 years
Global,2026,NA,120.24231133510077,115.39065646689333,125.1310321830289,117.13343558129044,123.35507537783853,118.2169234374917,122.2619259953244,118.98325239951184,121.4917457526032,119.63203818789965,120.84116260510386,119.93668966719902,120.53618700870166,45-49 years
Global,2027,NA,125.4918894946756,118.29317390684527,132.78225863578834,120.87837914856037,130.11574816382864,122.48473092431098,128.4851375403478,123.6202732031217,127.33985931637254,124.58153735447515,126.37406561886199,125.03301937805635,125.92172182225386,45-49 years
Global,2028,NA,130.50193296735637,120.6771016327059,140.62200081474367,124.17997536690393,136.87235061445804,126.36381498030983,134.60192460781397,127.91182642329073,133.01666105564914,129.22559298808605,131.6852570108046,129.84382050936154,131.06321997330758,45-49 years
Global,2029,NA,136.73586778910894,123.68785364055282,150.44647980738077,128.28735657082782,145.30491221551122,131.17433011222266,142.21698105333448,133.230553944427,140.07250498628989,134.98228250607127,138.27876822328489,135.80873631084185,137.4429790804732,45-49 years
Global,2030,NA,143.08968933202877,126.39970908701046,161.00120158309298,132.21230134380446,154.19823370422847,135.88677070458957,150.1482659381158,138.51697546800509,147.3518752006606,140.7666163461579,145.0229828294849,141.8308616457308,143.94093083059997,45-49 years
Global,2031,NA,150.29221531804254,129.38904545441252,173.09927892695424,136.59633289546522,164.3500829161501,141.18132056338868,159.1788848100606,144.47635269558796,155.62422508443257,147.30321347410148,152.67354970835407,148.643314026455,151.30558262037977,45-49 years
Global,2032,NA,157.6217614682249,132.052322822785,186.00148226036302,140.77654392828654,175.00212948299898,146.36315710058815,168.5497679636757,150.39452342475312,164.13494943470846,153.86393925060344,160.4827001982081,155.5121784902539,158.79327101747685,45-49 years
Global,2033,NA,163.950726204858,133.54679980494328,198.42319730868758,143.78936140680642,184.89262684636057,150.39732245986758,177.02804233318741,155.1896680499841,171.6783898290258,159.33029545758507,167.27198697206686,161.3027309836491,165.23952525054077,45-49 years
Global,2034,NA,169.6835178538531,134.09996117221624,210.99039880912778,145.9105342251405,194.5631429951366,153.59741764327677,185.1036000909757,159.20526317741874,178.70834686148962,164.07271237153012,173.46525168284154,166.39852391509456,171.05441098806074,45-49 years
Global,2035,NA,177.19724385629428,135.65274564863034,226.60120220762622,149.23011585065638,206.6907322043736,158.14743285394147,195.33529128459324,164.6923905358784,187.70644300158622,170.39984871757585,181.48183167892566,173.1356317665848,178.62881899940243,45-49 years
Global,2036,NA,187.6380372613057,138.9003394521549,246.9078783789069,154.59280322523495,222.7279982275271,164.9917069885114,209.06212324969704,172.66774197752395,199.93398314329835,179.39054789245793,192.518449857577,182.62239109335258,189.12952340847252,45-49 years
Global,2037,NA,201.04050814258554,143.7058272055106,272.3475861975262,161.88823503617283,242.90097429053333,174.04631453691636,226.41108835541354,183.07229479089347,215.46059892672181,191.0116140309123,206.60342937918745,194.83936169427005,202.56752980287837,45-49 years
Global,2038,NA,212.95259781864695,146.86386100134095,297.21828358879907,167.47583911294564,261.95032853101884,181.38977548222675,242.4020263949758,191.78364535578356,229.50562274123862,200.96999318923486,219.12602159834407,205.41326872456094,214.41201031601352,45-49 years
Global,2039,NA,218.9643315687967,145.44803723525737,315.2910168227566,167.9520669899961,274.39504689040297,183.3024086938681,251.97372221180828,194.84895954424542,237.28685585376238,205.10866241998843,225.53003592418813,210.08888969929524,220.2099113722546,45-49 years
Global,2040,NA,227.15843264936026,145.08699617443264,337.65711813825993,169.7345654332308,290.08176880660625,186.72593842157735,264.28155589888155,199.59613508196915,247.50062936310604,211.09317560075934,234.13963340974323,216.69402962443175,228.11545141757392,45-49 years
Global,2041,NA,240.24400171447914,147.29550780255332,368.71623258771996,174.68326480933567,312.6574569632336,193.76466618111726,282.5783280808221,208.31672728529463,263.14712941437386,221.3835516552942,247.75558174823252,227.77118269713583,240.83997207331896,45-49 years
Global,2042,NA,257.44632164111806,151.31969109938407,408.0740054170419,181.98421615920094,341.4615974841907,203.57959151952318,306.10559994864633,220.1626739826443,283.42296863236203,235.13112863128705,265.5495368383774,242.473944271493,257.54700622076683,45-49 years
Global,2043,NA,276.2839363246983,155.530813488561,452.4977326292084,189.70810598675206,373.4760614366306,214.04431892372824,332.01305735643535,232.86622117549496,305.60707589082307,249.94849613599746,284.91457845901,258.3589555068817,275.68425161647593,45-49 years
Global,2044,NA,296.674377218743,159.63664319778238,502.47734332957435,197.57744317703822,408.881195356713,224.91000646985998,360.3406871082003,246.20967275397848,329.6585609346276,265.6521167250653,305.7518711072401,275.2613752590079,295.12881510610595,45-49 years
Global,2045,NA,318.7897826948233,163.56494813402185,558.9830880693928,205.52946520628265,448.18782180148565,236.1400622407789,391.40265745343044,260.18829550335516,355.78417090171655,282.2747262434138,328.1947008922538,293.2352639062339,315.98446531780155,45-49 years
Global,2046,NA,342.82574553032674,167.25498367131186,623.1284834154521,213.50831443026806,491.9641798157322,247.70214372631693,425.5415098736907,274.8006465664939,384.20645923849526,299.8527137850478,352.38547374318784,312.3390313064703,338.36196617725903,45-49 years
Global,2047,NA,369.0048489275086,170.65603093657708,696.1990811608425,221.46431597585692,540.8456729562258,259.5677672955008,463.13236014756046,290.04838925663216,415.1658391190779,318.42616753462573,378.47669981882353,332.63563568268444,362.3797251118762,45-49 years
Global,2048,NA,397.58079269884104,173.72635706269512,779.6858813641996,229.35342698366705,595.545807140565,271.71196053300173,504.5875093601536,305.9360977004954,448.92278756815,338.03889319924673,406.6320151189794,354.1927582128885,388.1644476200459,45-49 years
Global,2049,NA,428.84326541604406,176.43241796967538,875.3245568167721,237.1367315121287,656.8687637362377,284.11287641010045,550.3617111679782,322.4710074505536,485.76035088226,358.7384003777516,437.0273269581847,377.0829689807185,415.8518589811798,45-49 years
Global,2050,NA,463.12369702520266,178.74818516515998,985.1417426423161,244.77993165566073,725.7238964751608,296.7513531164769,600.9581772177388,339.6627065132409,525.9869739207725,380.5758536585423,469.85208620985554,401.3838812681685,445.58749229423324,45-49 years
